Dag Sudron,Teacher,3721f2dc-014e-402c-97d0-2a3c66b448e7,55,Male
Collen Snoday,TA,4d204bc8-6393-4fac-bb2b-e9cb7a0daabe,30,Female
Bertie Boater,Teacher,557f760c-745c-4eee-aa93-69568b3cbcb9,50,Female
Manolo Sackes,TA,270881e3-3b87-438a-8763-471edbe0516b,45,Male
Lauren Schober,Teacher,87f43d1d-f71a-468d-b9a2-51c452f1c52d,46,Female
Tally Pinchin,Student,a5a46cae-1d49-4e14-9c34-ab9bad94bd59,23,Female
Moria Quernel,Teacher,1312c5d7-15de-4cac-9f13-2d65aabac36b,48,Female
Ariella Rawsthorn,TA,8704a8c6-c641-4b9a-8a4d-bcef38b68b3c,34,Female
Dawna Piscopo,Student,f61c36e2-7193-494f-ba56-96f14ecafad2,26,Female
Annissa Hinstock,TA,0a774dae-7c27-47ab-be91-b57e06848298,37,Female
Berthe Brome,Teacher,7053cb7d-3ad5-4e0a-b2ff-78a46f2cbbd4,59,Female
Adaline Dommerque,TA,6280e979-4776-4fcd-816b-a3b482b40c38,28,Female
Trent Melsome,Teacher,0e84cd35-adef-4dc3-bfea-1487cf2542cf,39,Male
Dalt Kroll,Teacher,c9b7a9b8-1ee4-4e3b-aa3b-1b8c054914fa,51,Male
Bruis Akram,Student,8c62aefd-79a6-488c-b039-2560a02231a1,28,Male
Cathyleen Thorneywork,TA,d86d775e-ad7c-4df2-9b94-eebc8467f224,37,Female
Gottfried Balazot,TA,4ac78683-17c1-4e66-ba22-013381ccde63,31,Male
Chen Harlock,Student,9b45cca0-0bc3-4192-92d0-095a73ad5eb4,33,Male
Essy Fullick,Teacher,73001ed5-542f-42f2-89ca-0b50d04c29ad,30,Female
Frederigo Mainson,Teacher,4184ed79-9284-4bd4-863b-652437a45aa3,46,Male
Griswold Gohn,Student,fb3dc4ad-42ad-4447-beda-8ec53ee1a0da,22,Male
Marne Mathelon,Teacher,e97d9fa9-10e3-42de-a1de-4e7a4ee58fb5,28,Female
Sam Isacq,Student,8ccc28af-bc7b-4e0a-baf8-31b2100d046b,34,Female
Currey Hammel,TA,207e1cc1-f348-41d6-948d-89cae37406b9,24,Male
Vaclav Bernli,Student,2814b10c-565a-451b-86d4-848b4b27b4a7,30,Male
Frazer Lasham,Teacher,0afbd247-7543-4e7b-95ce-bd28d99469a2,39,Male
Toma Bravey,Student,a86322f7-3cbb-48eb-bb6b-dfd67ce0fb16,27,Female
Elaina Hails,Teacher,275e6de9-24c3-463f-9c30-7257c9a07bba,31,Female
Shae Common,Teacher,7c15196d-0207-4c7c-8122-f9a046c0cca5,43,Male
Clo Aynscombe,Teacher,5063a1b2-ce8d-43f4-a4c5-dbe242f30e82,48,Female
Gordie Dewett,TA,505fec70-661e-4d8d-a2f9-89ed876cf608,29,Male
Chevalier Quail,Student,00f89ad6-94e0-475f-9e3f-7314d422d7f7,26,Male
Mufinella Tattersall,Student,822600c5-90b6-4b59-8ca9-39dc53af9d4b,23,Female
Davis Pierpoint,TA,2279146e-09e0-4b76-b5cb-1655a2482f80,23,Male
Rois Rowler,Teacher,701bfc1a-f593-4b06-baa6-a3ba1b0133f6,41,Female
Ring Wormleighton,Student,0c41d098-7f3c-4605-be4a-11ed1818bd24,27,Male
Filmore Durden,Student,c5561512-634b-47c1-bcbc-01765ca7254e,28,Male
Irvine Heaviside,Teacher,d9f12ae8-1333-403d-9b7f-e2bd0c0338b1,47,Male
Andie Marcos,TA,48d6c00a-53a4-4ed8-8639-54568beb541d,28,Male
Josie Brabban,Teacher,0f81689b-4c12-4e0c-91cb-f7e388582367,32,Female
Carry Dutson,TA,07398f28-5e2a-477f-8c9d-4140fd732a38,41,Female
Terry Inchley,Student,7467a7b6-da2e-46fb-8caf-4b5ca9b5082e,20,Female
Cordie Tatem,Student,c815816b-ac27-47b0-ab96-00ca5626dc28,30,Male
Budd Menham,Teacher,dc6a18ca-439a-4a51-8c8f-99b3bc19c64a,44,Male
Isac Churn,Student,99a6698d-e228-4fb4-87af-c8e81b978f35,27,Male
Val Mourgue,Teacher,00dc1da8-3e30-4d02-ac8c-4c6fa453161a,33,Male
Jessa Burren,TA,60454db3-909c-4564-9d98-d43a2f4770fe,42,Female
Amandie Roycroft,TA,a9761fbf-1d51-4f7a-860f-27f4682d3945,32,Female
Albie Aslett,Teacher,a089cea8-b94a-43e9-8aaf-92a53023b01d,33,Male
Shay Curtois,Student,b4bcedfa-3a60-4b83-ac51-622549863b1a,26,Female
Bradney Teece,Teacher,37d4517c-eaf4-4c85-8359-62951e422d57,60,Male
Shae Domaschke,Student,57badda0-47c4-4312-a781-518dab358cb6,32,Female
Kliment Stobie,Teacher,39be8dab-54e3-484a-9cbc-2aa843bb56af,39,Male
Roobbie Cowser,Teacher,06229262-5c31-4b89-93a6-0e1aba73c1fa,61,Female
Sidoney Davidovici,TA,a60eee2e-34d1-4f00-b6b4-3034fe2d2dac,30,Female
Robin Turrell,Teacher,5fc3ff43-21f3-42a9-87aa-d5abbaeef83f,51,Male
Cart Barmby,Teacher,08f35cf3-e951-450d-8bad-67f883d678ad,55,Male
Cornelle Tebbutt,Teacher,323eba56-8651-4bf5-9235-8a9706f2306b,37,Female
Codie Grishenkov,Student,5b46b7de-fa6b-4c84-9a25-0a02fddcb875,25,Male
Raf Crudgington,Student,dc0cbb83-929c-43f0-b66b-6fc81f9c7560,24,Female
Kaile Edling,Student,4a169a94-7742-499a-9d79-520664ec5d26,28,Female
Marieann Griffoen,Teacher,2d624bdb-791c-46ac-9228-129d27413917,43,Female
Terry Faherty,Student,60349b0a-2155-4d80-8d12-668a2a20c362,21,Male
August Comiam,TA,3c55caaf-ab84-48d5-a1c8-5d1870cc918f,43,Male
Lonny Peerman,TA,b55226f2-4446-4e5b-b847-277f1c205648,38,Male
Ludvig Bleasdale,Teacher,4069501e-05c8-4d3e-b5e4-6eb85ad27f41,54,Male
Butch Scrimshaw,Student,4ab97ee5-4296-47d0-8866-8f8b796f9c67,20,Male
Hirsch Rentalll,Student,70ff24fa-5404-444b-8751-ab594f561241,21,Male
Osbourn Thridgould,Teacher,f33cafed-1ae4-46ad-b4e8-72493ac58522,61,Male
Ikey Miskin,Student,8dfdd1a8-d91a-4968-8526-15dab5b5c9ad,29,Male
Delmar Burg,Student,7d9e35e2-9878-47d4-a6a7-a377ecf06b30,20,Male
Terrill Banghe,Student,4610ef58-a92b-4cef-964d-38a0fb333b06,30,Male
Lorrie Spon,Teacher,8826625c-b350-4813-a4e1-754ffbcb2e49,56,Male
Berta Gilderoy,TA,a4f0118c-38ea-4147-880a-1bdd9528d807,26,Female
Bud Haffenden,Student,df59fce9-65de-4592-8d29-cf8ad30ce2f4,31,Male
Sydney Keeting,Student,ec1e77cd-56d5-4212-b547-7ea13a3c2d4f,27,Female
Roldan Jeanneau,TA,caf5be4d-c8a3-4e97-b05a-94aac6fdb40a,35,Male
Jedidiah Carrell,Teacher,e84e7fd6-cc66-42bb-b39f-585d6b1aae13,35,Male
Anne-corinne Gipp,TA,6371c5dc-36e6-460b-a781-bad6ff6c7713,37,Female
Hyacinth Bowshire,Teacher,4d9455d3-e809-4fee-9cb6-04fc8c3e480f,47,Female
Maggee Speenden,Student,73e6f5d0-e316-434d-bbd2-fe23d97878ad,20,Female
Melodie Elan,Teacher,bfd780c5-ac15-4ffc-ad28-92cb7f7a4e4c,51,Female
Elfreda Bernardotti,Teacher,48eb6b92-5f25-431c-82a8-40f734df3c0a,52,Female
Meara Battin,Student,a3512d37-69cd-4fc7-a519-f9f10b830e85,29,Female
Jo Hanlon,TA,4855a9c8-5aaa-4c5e-bac9-853ba18731a0,27,Male
Emmanuel Portam,Teacher,fb208453-c81b-4aa1-84d8-d49a6cfce1cf,58,Male
Jimmy Moreland,TA,488a7d75-8b32-4a7d-af0c-3e5ef24f3736,36,Male
Gilberto Fletham,Teacher,93517fdf-bad2-4de0-8ff4-17f612a8aa90,45,Male
Reggie Ladley,Student,e2e9c4f0-b297-4bb4-8a82-55585338665e,22,Male
Heall Kruger,Student,69d4ad4d-fb7e-423d-9a9e-5272adf7ff26,31,Male
Josiah De Gregorio,Teacher,007ebf3f-3d8a-443d-801b-5349343bf117,39,Male
Edi Blucher,Student,66647069-ce6a-4b2d-9b4e-1b587cbae798,31,Female
Ev Thornber,Student,2f92e126-67cf-4fb6-8609-ca10ceda6470,33,Male
Barron Farrent,Teacher,baf478ae-8ca6-4d6e-a74d-eb74fd3f1860,28,Male
Fons Gravey,TA,f0e93354-3c45-46a7-b8d8-7ea7d22bf7c2,43,Male
Gare Gill,Student,d9e510ef-668b-4c11-aff6-a3840a822fd5,21,Male
Felita Woollcott,Student,71ef39e9-7d6d-4c02-ada0-7099d8e8c324,22,Female
Aline Woodcraft,TA,558e6c33-2588-43e3-a385-b70e68205f84,38,Female
Kelbee Bifield,Student,1e869fb0-262a-4132-ad8c-0a43410dfa6c,29,Male
Morten Roskeilly,Teacher,2069d31f-06c9-4a49-b732-5006a9d9cc42,40,Male
Nickolas Dalglish,Teacher,06ec0b65-1631-43aa-ae3f-cc29e7268aed,37,Male
Gabrila Langsbury,Student,8ef0db98-ad99-4328-a634-96bf3f8e324c,28,Female
Sig Brookfield,Teacher,0831b0a9-bb26-45a7-a18f-06b5e519ca19,28,Male
Rowney Bretland,TA,3ffc6ad9-a425-4dfd-a11d-27841505d30b,31,Male
Haleigh Foystone,Teacher,409ca85b-2869-4924-9fe5-79e5966077fc,55,Male
Abby Bantick,TA,8af71587-865e-4005-b040-93ee522c3743,26,Female
Wendi Geharke,Teacher,ca757dae-961e-454f-bf34-9e22170500be,32,Female
Deborah Hickenbottom,TA,f19d3be7-e38e-405f-888e-d071a382f5cd,43,Female
Guenevere Gergely,Teacher,a01f7085-5817-4361-b528-b33af8626ca1,61,Female
Ashton Byars,TA,735cb2f2-80c6-4d99-8df2-9e073d51b6d4,29,Male
Bing Medlar,Student,3783437e-05db-4c00-a9a6-a9ee6849bd88,26,Male
Natalya Fillis,Student,ba497fac-37ac-492a-afb4-a2d8cb611701,34,Female
Heather Swoffer,Teacher,5f2853e5-4607-4474-a631-8cf874c42f58,33,Female
Filippo D'Alesio,Teacher,5b5a777e-528b-4e99-bd42-ca86b3194d28,64,Male
Alexi Caunt,TA,e73c4483-2b89-4d25-81fd-efcd3bd00b22,22,Female
Ewell Oaker,Student,f2338f13-7c42-4da1-88e2-94169a79e312,25,Male
Shelbi Kubista,TA,661bd1b0-11f5-4f5a-b1a8-3a24bd3ffbec,27,Female
Frazer Cud,Student,38ef4e26-d7e3-4535-a526-2ce67b863c54,23,Male
Bud Proffer,Teacher,b7552201-4659-4527-9028-2fc37f974a20,38,Male
Emmye Dennerly,TA,4ca00e49-e39c-4351-bf23-2b4510fbfc7b,34,Female
Prentiss Bronot,TA,705d1df3-4114-495b-8936-7d09e57f5e1f,26,Male
Lizzie Petr,TA,1eb89159-2d58-479b-b3d5-a301ef090c2c,44,Female
Wald Haddinton,Student,0ca81af8-48fc-471b-8b7b-80d4317759ef,21,Male
Barney Gilchrest,Teacher,9d67ffb4-5359-4219-b429-e0299b3bcf15,50,Male
Angelico Heitz,Teacher,b09f22d4-e309-4d81-b777-ac20fcc74f5b,36,Male
Morry Crucitti,TA,f1c20d77-94fa-4cde-a54f-96a69a671f45,22,Male
Henka Hackin,TA,05292ed8-cb58-4241-9891-5c1dbfc28dbb,41,Female
Haley O'Flaverty,Teacher,c9c60e25-10b3-4f9c-9459-699f56f4ca25,30,Female
Lilas Wesgate,TA,9d090e92-a587-4683-b32f-5636652fb46d,22,Female
Elisha Hanaby,TA,57aacf84-7078-4353-a096-5af6bc5fbe0c,31,Female
Jammal Overpool,Student,fe0d20c9-2f07-416d-aa0c-8ec50b2948f2,30,Male
Derrik Denisovich,Teacher,8966fff6-4670-4da1-87e1-ef4454f8aa33,62,Male
Nickey O'Halloran,TA,1b07d7cc-6533-44c4-95f3-5bd6d864f748,24,Male
Mohammed Genery,Teacher,1e7f8fbf-9350-4b69-a54f-5e213cf4bd0b,32,Male
Abeu Hutcheons,Student,e45aa951-b1f7-4581-9f6a-88e16c4f7ffe,23,Male
Tito Ilott,TA,f9b4499f-6460-406b-90b1-d026d8ba6865,24,Male
Beryle Kinnier,Teacher,1525e61c-3b7d-4b6f-83d4-e58e35b72b36,30,Female
Drake Bartali,Teacher,bf8a9e07-1ca2-47d3-9c95-a35749e2d82f,31,Male
Felecia Bendelow,Student,a7446f0c-e842-4bfa-adce-bd70dcc9e9a7,25,Female
Sid Martinyuk,TA,f3e872db-d394-437f-a324-94ce964f7369,36,Male
Rriocard Willowby,Teacher,94f4977b-b0c1-4336-862a-301f41f5d57f,30,Male
Cello Deeks,Teacher,6cf73fa0-8d8c-4f12-b9bc-4bf2931d6788,63,Male
Rog Plane,TA,94fd33c9-9020-41b0-9982-3c455ae8699e,45,Male
Marcellina Hencke,TA,c78dcdef-2e54-4fe2-aff8-beabd28392ed,30,Female
Murielle Deam,Student,f4c8911c-6768-40e9-8150-6b45f7c1a6d9,32,Female
Nicolina Lomond,Teacher,aee4a95e-a37a-4684-8405-784bb7c58efc,38,Female
Ignatius Spatig,Teacher,052ba263-0718-40fc-b205-efd039fa9625,29,Male
Harriet Berringer,TA,9734a166-ab0d-4a27-ae66-6cdca7d6f0d7,23,Female
Loralee Di Carli,Student,b0e72c93-eb66-48b0-b0e8-893088da5f01,27,Female
Lisetta Batson,TA,79241813-8562-4255-a909-e2ac8f1df2c9,29,Female
Claybourne Whatson,Teacher,14bd0966-8461-49b9-91c1-c15970b698b5,46,Male
Fredric Triplet,Student,c3984f40-617a-484f-bf37-abf35d97f74e,35,Male
Sabra Krikorian,Student,fd67aee6-8523-47cb-95c1-7aba3d0a5b79,21,Female
Chrystel Savaage,Student,0813e62c-b04a-4c78-b0db-f6b283b199ec,20,Female
Matti Heintze,TA,5e0022aa-4299-4f99-b659-f5a95bb7774f,36,Female
Artemis Klimshuk,TA,bf5d3b1a-880a-405c-8ee9-be4a027c98ba,35,Male
Barri Hellewell,Student,87c4d919-f641-4885-b2a6-de3e8e4a8162,33,Male
Barbaraanne McArd,Teacher,4fd31edf-1880-4a8f-b056-ebd303fd47e1,61,Female
Gerome Burnsyde,Student,d327025e-127b-4503-b58e-3c5fbd8f6a1c,30,Male
Clarence McKerlie,Teacher,81ddc8ac-5711-4ac9-9c70-992a6db70993,51,Male
Mohandis Pennini,Student,57c9b317-d03f-4997-8ca9-42c73086f75a,21,Male
Rhett MacAnellye,Student,f614e43a-2036-4565-a72a-99d08294a915,34,Male
Karlyn Greensides,Student,6c85b2ae-d04c-4187-865d-89a1c40901e5,27,Female
Archer Kamenar,Student,296a6f8d-6749-4488-9f37-55cccce73cd2,32,Male
Rich Lackner,TA,88a98e18-9018-417b-bf51-8b8688731869,26,Male
Jeremiah Dary,TA,dbdf8909-2927-44ca-a5eb-4064060a6dbe,44,Male
Donna Harner,Student,eedcd0ff-b2e4-4a0a-ae12-8c9532970ded,25,Female
Debor Gai,Teacher,ede15984-2b0b-4902-850b-6d778c7c6cc1,56,Female
Brynna Kepling,Teacher,3923674c-68d6-4e00-b697-7cc5eded9c46,48,Female
Livia Chaytor,Teacher,2885c4e4-2d8c-454e-a172-2021156246a8,39,Female
Inness Larvor,TA,ecc19219-bb30-4b0f-8cd7-0ee227047cfb,36,Male
Quinlan Parrin,Student,f43d0be7-d039-4cc6-bec2-42ac8cd5afad,32,Male
Ranique Guerin,Teacher,17926c86-5faf-4142-922c-744898c93bd6,31,Female
Stearn Drissell,TA,7abd49b9-2150-410d-905a-1668507ce5be,42,Male
Viola Risebrow,Student,c1033e8d-d017-442f-89d5-e5b161109ead,28,Female
Darelle Matthieson,Student,87e1a34f-adc7-4d1a-adad-b3fa71ace926,31,Female
Palmer Watts,TA,c0fd91c6-1065-457f-8663-d1af5ee24464,24,Male
Lizabeth Goodall,Teacher,e8805b9b-3a71-4516-bb71-b9767b0680c6,61,Female
Felic Peddersen,Student,4c662976-5e12-4fdf-8e18-23df5e030155,33,Male
Concordia Chittem,Student,96f7213a-c58d-4e1c-b50c-194899a2705c,29,Female
Cornelle Goodenough,TA,31022af8-984e-49c2-a62a-60d45d29f415,23,Female
Yuri Huggett,Teacher,6225f3ea-278d-4823-8fd7-d7be64a26d98,54,Male
Misha Fahrenbach,Student,3e2a1691-ed99-45f2-b19a-e099b300dd26,25,Female
Simmonds Estrella,Student,5b544a9f-9706-4fd4-b466-ede2a6f6385d,30,Male
Misha O'Boyle,Teacher,7f56c74e-0b91-4be3-a0f5-9c448209a70c,30,Female
Carlie Ellul,Teacher,c78d8421-b760-412c-b8c2-e83123f83f8a,28,Male
Meggie MacAskie,Student,3d5405ac-03e0-4440-b1a3-c2adcad73171,33,Female
Myrna Garside,TA,5d81dc17-b687-4f04-9964-0d04d75fe142,33,Female
Dixie Slavin,TA,847b7048-833e-4ec5-91f0-536e0ac6c95c,25,Female
Rosco Shubotham,TA,9ac19dc6-3123-4648-b00f-6a0b525d9a3b,25,Male
Arlan Arckoll,Teacher,6ccf9035-edb9-4481-ac1f-fe3694f20420,50,Male
Domenic Vigars,Teacher,edf0be39-9a26-4b32-9bc7-9edf4531eb74,50,Male
Lynnelle Stores,Teacher,4421bd20-cb81-44b2-a3eb-762c48ba850e,54,Female
Tammara Abrashkov,Student,41455914-1ad7-41d2-b7ee-a94a5e1912fc,22,Female
Barth Sabine,TA,d4949a21-f025-4846-876b-ebf09872c321,39,Male
Jen Maybey,Student,4d02268e-2b26-4d55-af92-0190ca16a8c4,35,Female
Chaim Santino,Student,7cdd859a-3561-4e28-a0b0-009a3c3d5e76,24,Male
Salomon Mudie,TA,8a2a3c4a-caad-4c4d-88e1-c4ce6e367358,23,Male
Ondrea Clara,Student,69df26d7-25c7-4322-9c33-62f51cbf2f67,23,Female
Oralee Tumility,Teacher,9634aeac-755b-42b1-8b1a-ce27e3042572,58,Female
Venus Driver,TA,1132aef9-a126-4164-aa4b-aa16f0892f27,31,Female
Alexis Hastwall,Student,df781380-91c0-4412-840b-c09a822eb300,23,Female
Viviene Wyson,Student,47372957-1815-45c4-a139-5dd48ae70c40,22,Female
Bryn Wayt,Student,70eb5346-d4a4-41ba-b172-90691683212b,23,Male
Shelbi Unitt,Teacher,6f58e55e-82c2-4794-8530-061561773687,30,Female
Cassie Windmill,Teacher,a37988a6-4419-4eb5-8e58-a2038e09413e,30,Female
Gian Birney,Student,d279a26e-67bd-4c88-bada-6099bbfd9047,33,Male
Sancho Waddie,Student,ed342178-3d0a-4231-bb93-4cf5df307f92,24,Male
Gennifer Kenyon,Teacher,6f00e22c-ffdd-43fa-a6fd-0dc0c6dc7f91,58,Female
Lionel Wark,Teacher,613383b5-8408-4256-aa35-84ef945c547a,36,Male
Liv Glazier,Teacher,a9c6b06d-650a-4857-a252-3d7fa7b9ecb3,44,Female
Tiffy Brazer,Student,da1f7455-3763-4d1d-9ea3-5563b502f86d,33,Female
Luella Rechert,Teacher,fe648db0-7532-40bc-ac14-0e2d91a41bba,46,Female
Gill Corrigan,TA,8ba91190-b2f7-4675-a6ff-9c992c9bee55,27,Male
Purcell Yeiles,TA,c8aa463f-1a7d-4090-8377-f70284c52658,45,Male
Janina Shipperbottom,Student,a6b0b421-33ea-4ff9-b4ed-2e4d2e8838b3,27,Female
Roana Bovaird,Teacher,97bb1a34-365e-4021-817e-61da836f2217,28,Female
Eve Nail,TA,5ff59025-2f99-441f-9ce4-8fbdea817e4b,23,Female
Leigh Cardus,TA,58320bb9-de29-4a91-bb60-16dc096d7550,31,Male
Quintana Wimbush,TA,e49f8cc3-821f-4c4a-a180-748052734294,44,Female
Glynnis Tupp,Teacher,f4cc1e7e-e873-48f2-9748-c46253b190f9,40,Female
Milzie Tomlins,Teacher,fea03446-e5c4-4144-ae3f-e2f446ec1a38,64,Female
Irving Cornil,Teacher,02252f31-7df9-4aba-9f47-97822cb3ed15,35,Male
Austen Sigg,Teacher,0f404dfa-9a4b-4d6b-84a6-e49bf25d788b,54,Male
Kerwinn Lindro,Student,e9f584d6-f3d4-49d8-bb2d-09ce2968099b,31,Male
Gram Tozer,TA,f78d0d78-ef2d-4548-9fc1-924f5e876234,31,Male
Kristofor Tunnicliffe,Student,e657572e-44ff-4fd2-ae9b-93f2b42bae52,27,Male
Ciel Critchley,TA,5d3cb5f2-fdcb-4859-8898-7cff84ada1e5,32,Female
Dode Weekland,TA,c8f39347-697b-41fe-9250-99c84510e8d6,33,Female
Virge Fellini,Teacher,e054461c-e13c-46c0-aa7b-54519d4c7543,38,Male
Winny Sewter,TA,7c66ba19-e55c-4cb0-9a6d-2aea43486df0,23,Male
Annmaria Orsman,TA,e9dd0dbc-0973-4a04-b93b-b713a1397fc3,45,Female
Frankie Galvan,TA,bd14ff7e-2619-4c8f-8122-7afcd4676521,40,Female
Courtney Naughton,Student,9ccf143f-8b2a-4d16-b3ea-f4294472c19b,22,Female
Eldridge Normanton,Student,d85f42ed-ddc8-4d39-8231-acdcbb8dd71b,34,Male
Melonie Kleinert,Student,d811cead-7f37-4179-9c08-c79e13a60b84,35,Female
Mischa Maliphant,Student,22bf4097-d7ef-4942-b2ff-e0ac6b98f118,21,Male
Amalie Larmouth,Student,82f7df75-98ef-4c71-a552-933e13fbc85a,31,Female
Kali Prestney,TA,306795e6-ec08-4fcc-9352-bbfbdcacff5d,45,Female
Bethina Blare,Teacher,173fabef-1bb0-41b0-971e-5c9a0a27f4f5,60,Female
Nickolai Vanes,Student,20dac66c-2c13-4ae0-b76d-634b77acda66,33,Male
Dee Blennerhassett,Teacher,e950bc5a-07c0-45ed-83b4-6c6fd9537ade,60,Female
Boniface Kenninghan,Teacher,2ee2115b-b039-4ea0-83b1-49fa18965018,36,Male
Martainn Merrick,Student,239982e2-75a8-4197-8d3f-07295352c616,24,Male
Jandy Sparshutt,Student,95456768-9a96-4aef-8009-1a967dd65f39,25,Female
Mordy Dmitrovic,Teacher,fe29299d-c2fa-44e4-9b09-6ba5286ec1fe,36,Male
Ninon Lermit,Student,d8c05130-b275-45de-a2bd-9fddf4b64d7d,26,Female
Micky Sydry,TA,7e3adef7-510a-4de6-8d89-c361d1c016b4,45,Female
Daren Foyster,TA,ff76739f-7fbe-45e3-8800-93079e6ff3e8,25,Male
Chuck Fermin,Student,ff4c923e-c21b-4544-a2b0-29c887ee8970,21,Male
Glyn Sumsion,Student,8c8cadfc-3175-4183-ae49-05a5134747e6,31,Male
Glenda Bernardo,Student,896f1706-1196-4ec4-8051-019246b7eb5f,35,Female
Josiah Brodley,TA,26d334dd-2755-44e7-a5d2-427cb41663ec,36,Male
Nathalia Oliveti,Teacher,df92c6ec-53db-4cb4-b7e7-cbc1c7815a76,45,Female
Francis Curteis,Teacher,f2b311da-4b74-495f-a731-138e60b87dd1,32,Male
Royall Steeples,Teacher,38fdf2a5-f410-4e40-a8ce-b31ea8767627,40,Male
Lanny Fessions,Student,04cf37b2-b846-48da-aeca-51b75f2f74c7,23,Male
Garrot Bowmer,TA,180b4603-e47c-4069-88d7-a69ecc2c1c16,28,Male
Lorilee Clash,Teacher,ab8e1cad-b14a-450d-afbc-ff011f57ac70,35,Female
Lorne Lytell,Student,1ddc1b93-c557-447f-b0f0-71cdb829f4ef,23,Male
Laurie Sancho,Teacher,8f65c421-a26d-4bb8-a4f0-0924bfd942d0,55,Male
Filia Goley,Student,d211afb3-7f8b-41bb-a8b7-d2b43a950d4e,27,Female
Galina Pendlebery,Student,fd187975-9232-40a5-9dd9-86240376dcb9,33,Female
Frederick Dibley,TA,c9f93423-cdd0-4589-83bd-fc87f3338628,43,Male
Serene Benbrick,TA,7cf1c48b-382e-4a73-bf77-1e21f412cd70,22,Female
Valerie Hofer,Teacher,10e525e7-8f7b-470b-a41f-56256efb1a4c,47,Female
North Kain,Teacher,3af3acf9-4877-48b1-86b6-bdc2db02ed9b,51,Male
Elmo Cloute,Teacher,ab7423c2-9ae9-4116-85b2-b68870351cb6,41,Male
Guglielmo Dingle,TA,a9535a23-b732-488d-bfb6-09cc14f4cc77,30,Male
Enrica Burn,Teacher,9dd1b874-fc4b-4659-b1e2-f3f5ba15381a,32,Female
Karissa Yorston,Teacher,7d835c66-055f-41b1-84e0-2ec589eca5ed,62,Female
Ilene Kmieciak,Teacher,8ce10c5e-9855-4cba-b661-3fe06fcda8e9,64,Female
Vern Taaffe,Student,c6d2db02-7f02-4433-b627-db0d83f5476d,33,Male
Ashleigh Standring,Student,1e819683-611c-4492-8463-2dbc3ca13fef,21,Female
Conni Walentynowicz,Teacher,e26bc69f-e2fe-4c41-9c96-a2e4b1a68849,41,Female
Pearce Enderson,TA,43c8bebf-7c5f-4525-b83d-c42528736b32,41,Male
Anthe MacGilfoyle,TA,005d3f08-0644-4d04-9bd8-4f96a034a59b,28,Female
Maurie Bellow,TA,6e7c372d-b754-44fe-a189-33b718f2812f,23,Male
Ham Mattevi,Teacher,7f5e9280-9d3c-47cd-8b6f-4be3a8d0cf05,49,Male
Noach McMonnies,TA,65a8f0aa-5aab-4454-ad5e-8feb88d45528,38,Male
Veradis Klaff,Teacher,5915f8c8-c153-4184-a6b4-537b6df5148c,29,Female
Maggee Hamby,Student,442e996d-de6b-40ff-b773-e6257496267b,24,Female
Cyrillus Treswell,Student,0b3c6efa-5672-420b-a47c-c885035aade5,22,Male
Brnaby De Dei,TA,5f714703-9c9e-4f2c-b0d3-ff8969368e61,26,Male
Junette Scotsbrook,Student,76cf5484-18f1-4443-b89d-5cd7acc29307,21,Female
Ewart Dable,TA,f08edda2-c955-4825-9604-692bee0b5bad,29,Male
Redd Colleran,Teacher,992f957e-9b4d-47fc-ae3c-f674188e11c4,28,Male
Michal Dabs,Teacher,4ae92402-4ef5-4a76-b210-3e5808342830,60,Male
Reeta Izen,Student,fcfb0234-9f40-4e16-b5e4-477bced367c9,22,Female
Cosetta Larham,Student,a00e52c5-092e-45a0-ab13-be8d244e5b2a,34,Female
Perceval McCloughen,Teacher,9ee33c28-bba7-4be7-9e85-26be8869c7ce,32,Male
Che Campana,Teacher,78f70e4e-60fa-4a07-b9c7-97ed2e6fc889,31,Male
Ferris Khomin,TA,0a404887-44c0-4fb5-a114-3e6725d26959,37,Male
Adolpho Haddinton,TA,d7d80f14-f033-499c-9397-2283777b54db,22,Male
Wat Vernazza,Student,55577075-45ad-45a6-bbc7-fe5cd30a040e,30,Male
Wallie Goodwill,Student,dfcac5f7-0a25-4b4f-83f5-91609616a871,30,Female
Beatrix Thrasher,Student,6ba46ee6-f99c-4ac1-98e7-fa32f80949d9,25,Female
Roy Ormrod,Teacher,4e7ca0a2-a8e9-4f99-84fe-d2e747f4abaf,53,Male
Brody Alvarado,TA,7141f387-f2b3-4700-89d4-c42df0934d0a,28,Male
Belita McAndrew,Student,18ec947a-1791-4c98-87c8-5795d369e5be,23,Female
Abigale Woodworth,Student,43b7ac13-a025-4fa3-8566-b25f1e996669,23,Female
Bram Blemen,Student,93188a4f-e65a-4e31-8fc7-a1c561b558ad,30,Male
Jackie Linkie,TA,c60cd65e-8b37-4d49-b843-4015c0354fea,31,Male
Erwin Grigolon,Student,73f6bf6b-0167-4d33-af5c-5036a9153a29,34,Male
Leigh Mafham,TA,7f33becd-ef5f-4225-ac20-4edf60f8d474,43,Female
Julianne Kohlert,Teacher,d4261a9c-5ad9-4f60-a538-a766a5befb2e,29,Female
Marty Christofol,Student,36d35907-73ee-4e30-a630-849dbb3f6e0e,28,Female
Lillis Kingzett,Teacher,8b00177e-ddfc-4dfa-99c3-0b7733d463e4,38,Female
Nadean Ditchfield,TA,f453ac23-11c4-4edb-ab9f-abece43ad957,40,Female
Betteanne Le Pine,Teacher,7b7ee9c9-72ed-49fa-a148-38adc8d46ffe,55,Female
Addy Sherlaw,TA,4d846f1e-3f1a-4f54-8620-c9052d4eac0e,32,Male
Liana Congdon,TA,8143db4e-264f-44e9-94a6-6de19649d592,43,Female
Trudy Falkingham,Student,925c2d1e-cf90-44a9-bb2c-998131b466ee,35,Female
Drusi Faulconbridge,TA,32762932-3577-445a-b385-ee1e5290e2c9,42,Female
Karoly Leftley,Student,eafe9994-171f-4907-a678-061e5e2f0ba8,28,Male
Elihu MacGauhy,TA,5cc5fad6-d04c-4c7f-9a93-33942348f9f9,45,Male
Hobey Paulucci,Teacher,3575d4b6-8e7e-4d31-bd23-234da4571ca2,58,Male
Ricki Dewsbury,TA,aae0a46a-ec79-4a94-86b2-83ac9fc48b0e,22,Male
Salvatore Yeates,Student,7d3c8e03-9682-4b1f-a4e2-8de879323cda,22,Male
La verne Sagg,Student,41e9665d-54ec-429e-a862-9141f20561ec,24,Female
Gibbie Harmes,Student,0e44e41f-63fb-46a0-bd47-75d640e98663,33,Male
Ban Balchen,TA,3b3f42a5-df16-48b0-8155-0a7335509156,41,Male
Justinian Antczak,TA,12a13146-1b06-408d-beb0-896567eb1b59,30,Male
Shea Bannard,TA,b8b7faf5-91d3-4b08-a551-e887741a2094,36,Male
Cammy Styan,TA,4f9a02ce-ab68-4750-af9d-1e6c125b805d,36,Male
Richie Lehr,Student,3a0f74f1-0b03-4ba2-9a0a-d4fd1bfa76f8,25,Male
Guss Holdren,Student,2bd05b57-e629-40a4-aa2b-79962b50f9f6,30,Male
Debora Ketteridge,TA,27ce4182-2d80-4af2-a4ac-3cf43cef42aa,39,Female
Gibbie Tourry,Teacher,10f48baf-34a5-4f22-ab18-82387df058b8,39,Male
Nell Rizziello,Student,b67c4553-0114-4fed-9ea2-2a1b165fd91e,22,Female
Dulsea Penrice,Student,fb2f4734-ccc6-474d-adc1-2f5f34baac29,20,Female
Reagen Kille,Student,d5832681-b546-4250-8828-c9446f9ab7ba,31,Male
Thurston Aldcorn,TA,b930532c-8d9d-4bb4-9649-ae9a6757a733,25,Male
Deloris Cluse,TA,145cd44a-889e-4008-a620-277e5e8991c2,33,Female
Starr Morais,Teacher,234df4fa-793a-49cf-a3aa-15105cd5cd0d,64,Female
Don Parkinson,Teacher,3ddcc512-235b-4f0a-b9a4-981c23483293,45,Male
Beret Ritmeier,Teacher,b1a905d5-49a1-4386-931b-5e4e80ded924,33,Female
Rudie Trenholm,Teacher,b0eec08a-cb11-4264-86e3-2aa430b4cf06,38,Male
Rollie Fernandez,TA,70edc129-f35f-4780-a614-b91eaddf02d5,26,Male
Leland Gillions,Teacher,9ae44930-f13b-4dcb-ada7-546f976c4944,46,Female
Mufi Beresfore,TA,9e3673a6-0b81-4cd2-9d5b-47f0689ce219,39,Female
Cheri Houchen,Student,cd3cdef1-e21e-4914-bcbe-76dc72edf050,31,Female
Jamil Creavin,Student,f5753ba4-da0b-4dbd-a858-98ef5aaa4541,32,Male
Innis Edinburgh,Student,297139e9-adcc-4c24-8ef3-46088cd1cd1f,21,Male
Livvie Jenk,TA,f632289f-7da2-49f8-8a05-917b414fa6e2,25,Female
Robbert Farr,Teacher,c71f9948-10cc-4f7c-b440-c1a880021bd7,65,Male
Skippy Pace,TA,221669a3-0216-4fea-abc8-79a14d6aa5aa,45,Male
Shelly Woolatt,Teacher,9b2fbbcf-4ee3-48a2-8a79-d7ef142b096d,51,Female
Rabi Crossan,TA,9acd5699-2611-403c-aaae-3aa54c4d7d25,41,Male
Nobie McFetridge,TA,c441bda3-950d-458d-b8fb-b70d5e3c1f05,29,Male
Myrtie Rummer,Student,4bd7cd44-b96a-4ee9-8c83-28126132939f,28,Female
Ethelda Worssam,Student,b8c2b082-8058-4908-b903-ebde1f064edf,31,Female
Fernandina Wrey,Teacher,e9a4bf48-5c66-487a-9032-9bd207b395b9,42,Female
Jacquenetta Murrells,TA,84fd66ec-fe23-4bf8-8a11-77c85289374e,32,Female
Cobb Speddin,Student,60476cde-9028-442d-a09d-649bd71fa18f,26,Male
Nevsa Maydway,Student,d026f220-36ef-4eaf-a177-14d994c25194,30,Female
Haily Antonnikov,TA,1a734db4-3584-481b-9033-1f84888723db,38,Female
Levy McGenis,TA,d1f72a8b-54c7-4c97-abc3-c9cb421b0017,31,Male
Gilbertina Rivitt,TA,14f4efdd-5955-4556-a35e-59f46bd6252f,25,Female
Vinita Wurz,Teacher,226b75b7-53a5-4047-8a03-084aa7020fa2,29,Female
Shelli Gouldeby,Student,35804c00-2b9e-425e-86ea-cd56b8a15787,23,Female
Garey Emm,Teacher,c9238c69-eed2-43cb-9820-42774147a8e7,52,Male
Natalie Zorener,TA,30091015-5a56-4fd5-8f7a-daa76694db96,26,Female
May Grief,Teacher,c66219e2-ab6c-415c-8bf0-e947f19ce765,59,Female
Jameson Naptin,Teacher,73ac8e13-99ac-4586-8b78-83d1c97360ec,52,Male
Kelbee Thunders,Teacher,7842cdfa-30c0-4bf5-95a2-ffa1a1d87af5,41,Male
Abner Felipe,TA,188b3dae-8422-4718-8454-564af1ab57da,43,Male
Nichole Cooch,Teacher,37c2553c-8ce9-42e7-9ed7-48369086ec1c,65,Female
Adaline Cobbled,Teacher,cd997bda-080a-4db9-8922-3fb5933f89ba,31,Female
Gerick Allcoat,Student,29ce1374-c839-4eec-bb74-bb7633736758,26,Male
Dunc Gladwell,Student,548c6d54-0feb-4c62-a919-d0ff85882866,22,Male
Dunstan Lebourn,TA,7ff6030b-c0d3-42ea-8ac6-81bf5ca69718,32,Male
Michelle Godmer,TA,d8abdec4-a390-410f-8d28-3c24a366df9d,38,Female
Chev Creany,Student,fed59721-6180-4dd0-847f-b5ce2b277bac,28,Male
Aguie Corpe,Teacher,2676b38d-d198-4bc1-94ec-860017c7a261,45,Male
Valery Musson,TA,d37a4115-936e-4e70-abbf-c2cba31637a3,25,Female
Katerina Leckie,TA,48974287-bbe1-44b5-9274-33bbf6611a66,33,Female
Kyle Gostall,TA,6f79ea08-10ec-40cf-b583-e81e0f645b3f,24,Male
Miguelita Kinsman,TA,855fd6e2-0f04-4ea6-ada6-6bf3200b8903,31,Female
Orv Kondratenya,Teacher,e7eb70b4-4546-450f-acb1-612c3aa7df9a,63,Male
Arvie Idenden,Student,2d37eda7-4342-4a40-a5fc-0ba5d1a9012d,31,Male
Claiborne Clapperton,Student,81126ac7-83ae-414e-8219-2edf08b9fb45,29,Male
Burl De Rye Barrett,TA,a0c654aa-db5a-45d2-a533-15c303ce9f95,31,Male
James Hayer,TA,a571fada-6259-40e4-b52b-31488cb3d91e,31,Male
Mada Jacketts,Student,1d800447-f5cf-4742-b0bc-efce5fe52782,27,Female
Wylma Colby,Teacher,4e71315c-0505-4169-a978-70631b33b4d2,57,Female
Barclay Grimsey,TA,6dd0ac2e-18f3-4f12-8d4a-ceccd769b5e2,32,Male
Janeta Cullerne,TA,1c6a67b3-ca38-440a-9d52-1cbbaf9b7985,42,Female
Rosella Hess,Student,baba5197-cc08-4e22-96d0-8324300e3a85,32,Female
Minor Gwatkins,Student,d4e688f8-4877-43bb-ae33-2eea94f97a8c,34,Male
Carlin MacDavitt,TA,0aff08fc-b281-40ac-be85-2a32a4f2a573,34,Male
Cammy Baudouin,Teacher,890eb47e-4479-471e-89e7-5b0b368156d6,65,Female
Leshia Dewdney,Teacher,3abda2c8-5ec3-4667-8999-13dd19d73914,64,Female
Harris Cordery,TA,512a4184-168a-41a3-9116-aaaec47d1b56,36,Male
Bev Sammars,Teacher,08329c42-e540-47f1-9c30-cd86151083da,51,Female
Quinn Fessions,Teacher,78a10cb3-d0ab-4a75-9986-b3347a992fed,41,Male
Minna Sabban,Student,8373c2c6-9eb0-47b0-b9d8-4917a2dd78a5,21,Female
Fin Twinn,Student,58e52155-780e-42e7-a7f0-26f9545c7378,33,Male
Forster Lakenton,Student,fc8476e5-32c6-44c5-8a35-67d949311d51,26,Male
Jodee Drewett,Student,4ed98ab8-f8a8-4d6e-b075-7191b92e5b97,20,Female
Normand Zorener,Student,707b9e9a-53f6-4acc-bbcf-12358c546e76,32,Male
Darcie Shaddick,TA,f68c9a0f-3f90-4fdb-a1af-49ee52edba02,37,Female
Ardine Brunesco,Student,127ec0c3-7b58-4d2a-9128-df8fddfad2d2,34,Female
Norry Sawkin,TA,72599c3e-106f-493e-9bc9-a0c0fb145cb4,38,Female
Danyette MacGuigan,Teacher,63d50768-98fc-4cd7-b133-cb67f28e6870,42,Female
Tessi Swannie,Teacher,449b5a6e-b2f3-4822-9ee7-4329ccf89c30,59,Female
Sigismondo Sincock,TA,1b8b5256-9384-4ab1-8051-9a621542591b,26,Male
Constancia Jamson,Student,502a92d9-7386-4fbe-876d-79d30580c4d1,34,Female
Germaine Aslott,TA,00b2c3d7-ec78-43de-a849-1383a68d4a87,23,Female
Calley Bener,TA,19281c69-0bec-4272-a445-3adc7391426b,41,Female
Olivia Warin,Teacher,df9c26cc-433e-4da4-a27c-5c01f0654520,50,Female
Dodi Rowston,TA,c21dcbad-d618-4d87-96cc-480c29eabd6f,28,Female
Augie Cortez,Teacher,ef1133e7-3d64-4db6-af0c-7fc7d51f9f50,58,Male
Hans Huleatt,TA,c47a9a0a-5eae-4580-9769-583ffd898c0a,41,Male
Sauncho Comino,Teacher,3deee49a-c3f4-4701-9a55-f23b6b7d74fc,51,Male
Florence Ivanin,Teacher,5a641ccc-31c4-4a0a-812c-b4526c88ea24,31,Female
Elane Rawlingson,Student,1c30f87b-383f-48c8-9abb-97b8362c0bdc,30,Female
Maribel Dartnall,Teacher,75991752-8d0f-480d-9d74-8b9b5e6f2b06,44,Female
Gratia Fontel,Teacher,7f500f6b-314f-49ff-9100-6ce3cabd9bff,40,Female
Odey Corns,Student,15811f63-486a-4fca-a833-c24ece61334a,30,Male
Garrot Minci,TA,9e0b6f22-e41a-4f53-b7bf-836039ccec31,24,Male
Carr Ioan,Student,6b2a0266-dea9-4321-a69c-28deaf48f4f6,33,Male
Ingar Pigford,Student,37b70b17-d757-4f85-a670-7930cb0665ae,35,Male
Diena Darley,Student,6401e4a4-a1e9-4278-9f45-d2cafd8aece4,22,Female
Lina Keggin,Student,cae5a7a5-c270-4125-b0d2-f1653b4971ae,21,Female
Sayres Ceillier,TA,e06d3010-c3ff-45e1-ab69-e90b73b7416d,35,Male
Markus Gerardi,Student,a53cb873-da41-463c-8b7a-491d98c8c47a,23,Male
Horton Trevascus,Teacher,cd503d63-0277-4705-b60a-408b87664b4d,32,Male
Pierre McCahill,Teacher,71059a39-245a-4d50-9194-22fada02f2a3,35,Male
Muriel Westnage,TA,ca0d6f01-37ed-4c6e-99b2-14f3fef2b1da,42,Female
Livy Trickett,Teacher,0d5611ec-8ab1-4138-a2fd-bf73fc2ed06e,29,Female
Nessie McNabb,Teacher,20d59c38-b15c-4bf0-8cbc-5da0446927e8,37,Female
Ricki McCreery,Teacher,4919deb6-4bcd-44cb-8b50-7c62a3066dcb,50,Male
Aarika Wintersgill,Teacher,943da74a-ad92-474e-91ab-9b5a2b5d54ab,64,Female
Steven Troy,Teacher,f6f0c119-63f7-43c7-9098-644af461414f,35,Male
Cornelius Tonry,Teacher,8874648a-a3bb-4658-8309-9a0792861a0a,55,Male
Jordan Kelberer,TA,5d270fee-3348-420f-bb68-21d0704079d5,25,Female
Joellyn Stooders,TA,a2b41f91-0a52-49d6-8be6-c8affc3fa5e2,22,Female
Hamlin Grayham,TA,2d05eeee-d09d-4a6c-ba25-0ce48b80cedb,43,Male
Anna Hartman,Student,ec02b85e-f43b-4840-88b8-31c0ea3e3357,30,Female
Brietta Cratere,Teacher,c52b1027-7a11-4e24-abc1-bf5ba94c4937,60,Female
Tades Hoy,Teacher,911be3b6-ce47-48a5-95be-1c78dd5b0520,60,Male
Cross McGinn,Teacher,6bfa8fdd-2f5c-48ae-9696-262c7ce7f22f,51,Male
Lane McNab,Student,c61b0d07-fd45-43bf-a2c5-4a5ad992225d,23,Male
Jinny McCaw,Teacher,84863f01-f687-4db9-bd9b-c2b408b73ffd,51,Female
Marla Ferminger,Teacher,2d52f003-5701-4350-abd2-46039f6e032b,45,Female
Ricardo Fruish,Student,8c1c0ee5-ea31-4751-aa25-f30c6a8c80f5,29,Male
Meredith Rominov,TA,adab83b8-e2cb-4e6a-bb6d-71aae68c6aea,36,Female
Kim O'Rowane,Student,db6a9e57-afce-4365-adbe-8cf1c4d4549b,34,Male
Danna Pearce,TA,9825595e-cb25-4db5-8405-3d8c5146a068,39,Female
Hanson Ashwell,Teacher,8de85105-7fdc-4474-886e-42daa4607299,41,Male
Lesli Hurd,Student,511d05cd-c46b-4866-8c76-550c665583b9,26,Female
Gill Curzon,Student,82f4932c-3d14-4b94-9951-f79be21ecc34,32,Male
Lil McGillacoell,Student,381690c7-5e38-4544-8108-c7d9fd51526f,33,Female
Genevieve Fison,TA,b9ca4efb-41d5-4171-86ee-aff693f5871f,28,Female
Kacey Gotecliffe,Student,7a3765ac-8c0a-482d-95a5-542f446a31c3,27,Female
Phyllys Van Geffen,Student,a10f3322-230a-4be9-90d7-1b92d3193d60,29,Female
Ester Kenen,Teacher,0889dc02-f503-4378-9f1c-37c6a388ce18,51,Female
Kayley Cornwell,TA,6b25b3cb-9861-43c7-ac84-a770f0efc935,26,Female
Bil Darrigone,Teacher,f985df53-3f10-4e26-be1f-750772934351,62,Male
Bartolemo Austwick,TA,9e804030-82e0-4a1d-842c-c115c843600d,36,Male
Rodger Woolliams,TA,9cb97b9b-1834-46f0-ac5c-fd85e89b6ce8,43,Male
Alvan Chupin,Teacher,94f13b60-044d-482c-900b-ad7bc74c5477,34,Male
Chrotoem Trematick,TA,dd426217-a499-42f2-afc4-6c6a5716e489,30,Male
Kippie Donaher,Student,a207ddd3-5a82-4b30-9269-4523df10ff82,27,Male
Gaven Dotterill,TA,333b8bdb-9313-4372-94af-e60b0e6cbf3e,44,Male
Aridatha Wharin,Teacher,be8dc13b-6c02-4ceb-9c24-bd66c8094827,65,Female
Mary Winchcum,Teacher,ca54cf97-4570-4875-8253-f1a2e9b53c2f,41,Female
Cornall Hurll,TA,4f6f7568-050f-4a86-b637-0b98d294e7ad,33,Male
Dianemarie Fancutt,TA,e4cdaf7f-690c-494a-9b5f-44a7be9d7587,31,Female
Warde Bocock,Student,b0efb9d9-45d7-4c6c-b9b5-ec3535492180,33,Male
Konstantin Marian,Teacher,15a85cb3-04f5-41c6-b488-9041567124ad,42,Male
Jessi Ovendon,Teacher,cf205e8d-3b12-438b-89d0-070b75ac187f,64,Female
Elyse Helling,Teacher,08a2e89e-a0ed-405c-a4a4-74faf8269323,52,Female
Newton Taffee,Student,bb25e31a-fa28-459c-a838-80b10fa60b5c,27,Male
Chandal Grinley,Student,c6afee22-5120-4bea-8f15-a88baf7cb704,33,Female
Rockie Starkie,Teacher,fd2b6755-8e57-4bfd-afd8-be409b8c3c84,65,Male
Gwennie Paxton,TA,c63ab93e-8891-4e0a-a396-36d40e64fc3f,35,Female
Fraze Gillison,TA,8b85358a-afb7-413d-aa70-1a7662a72367,40,Male
Skipton Poizer,TA,daa7387b-9dc2-4820-8280-4ab15b10af9f,42,Male
Kamilah Knutsen,Student,955efb39-0a1a-41c7-9998-aff3cac817cb,24,Female
Matty Bucher,TA,e3d468f3-8a01-494f-b0a2-e0af02cce589,29,Female
Kenon Becom,TA,f8547024-fe80-4f9d-a370-8cfe3968b435,36,Male
Nisse Posnette,Student,c14cf104-fc88-4446-89a4-5e96c33cb7be,34,Female
Katrina Townsend,TA,c8f1c80c-9d19-4179-a3a9-596bfe953b2b,39,Female
Mikol Jodrellec,Student,d1f3cb82-583a-463c-b455-852672f2833b,20,Male
Tarra Sheppard,Teacher,cb98b69d-1941-49dc-96bd-4b00f41ac65e,47,Female
Kevina Skett,Student,ca7a0f78-34c0-46a7-b754-7481a79d9675,32,Female
Giustino Greenham,Teacher,84a9789a-b59a-43f2-9f12-2028365e5c70,37,Male
Mallissa Cassin,Student,bd03dc99-5c59-4061-8131-e9f2fd5d8d3b,25,Female
Michelina Beavan,TA,f909ea8e-34fd-4936-a1c5-33e234c8a4ec,44,Female
Lanni Pattle,Teacher,2d38be67-7544-43c0-ac8f-7a151d0fbd77,38,Female
Verile Cuer,Student,f5d587c2-9004-4e5d-8ca4-93455c72f987,33,Female
Donna Tuftin,Teacher,de26e9ee-11ea-43aa-8fd8-9a278c533f8d,52,Female
Adrian Jedrzaszkiewicz,TA,c70cdbf1-2baa-47a6-a634-fb81b0589a74,37,Male
Bernie Tal,Student,0e470419-4d76-4aeb-a885-4dd821f91431,32,Male
Van Simeoni,Teacher,990d407b-20e1-4e10-8ac8-1eef9f0c13f7,32,Female
Kent Pickerill,Teacher,6cc0a636-5f32-4816-9f56-0f29dbf190e4,62,Male
Jozef Howler,Student,e5a131bd-afb6-498a-90dd-4d9f4ad49fc2,22,Male
Barnie Scantlebury,Teacher,f08ed2d8-f881-4ece-b358-db145bc23950,46,Male
Martita Heppenspall,Student,73f78347-3fce-405e-af0c-32edfa530d1a,21,Female
Syman Tynan,TA,d9449cf0-59bf-4820-b862-b87b97e62554,23,Male
Cristobal Agent,TA,6b9275d6-69d3-4edd-afbb-461d342595fd,44,Male
Audi Douthwaite,Student,a3979b3c-a714-451b-9dbb-e825bc856cc9,21,Female
Alessandra Habbert,Student,7d747672-3e04-441a-b043-de8782932453,23,Female
Ruy Bees,Student,dc1bbd9f-0b78-4788-936c-207563f1f64f,22,Male
Carr Barbisch,Teacher,424f7c35-5ccd-4198-903d-80bf6d4c7f8b,43,Male
Traci Squires,Student,3ddc71bb-f997-4c0c-bc44-2cb6c196fc92,24,Female
Kally Theuff,Teacher,66d95407-6190-4cd5-ac76-fdecb6fa32aa,29,Female
Meagan Plaide,TA,a5699a60-690a-4453-8249-11f9fb29ddeb,28,Female
Natassia Gellert,Student,3c0afbc1-b4f9-4fc4-9d75-b5a5f367880a,35,Female
Augusto McGowing,Teacher,bf216148-c865-42ca-ae24-20a67b5fcf89,47,Male
Zahara Petley,Teacher,2a63faf4-44f0-4e5d-bed0-1a43bfb98910,57,Female
Dell Warlow,Student,f66791e2-fc25-4bef-a309-6006c62cc6dc,26,Male
Reinaldo Whistance,TA,3b78f403-d9cd-43c6-8ab6-4fc9d4b22cc7,43,Male
Buckie Befroy,Teacher,20d680a0-e743-4c6a-a60a-c0d474c5e3d5,35,Male
Sergeant Shuttell,Student,d83b35a3-ee55-4903-b355-873dd502422f,23,Male
Joannes Cluelow,TA,272ba811-7ce7-4f8a-8f33-8faa14d35b47,28,Female
Clarette Whiten,Student,c47d99a2-e8de-4122-b1cb-cee396671c47,22,Female
Elna Augustine,Student,003d0363-474f-4f8a-a3a3-a3d9c9033064,21,Female
Alessandra Trayte,TA,6c1f4ff9-8483-406e-bbf8-45a009f00441,27,Female
Nita Loosely,Teacher,389f5e83-f7c4-4d15-88fc-db0ed3229b9f,36,Female
Elton Kyllford,Teacher,97acb90b-dff8-4354-bcd6-de9bd1810441,54,Male
Georgeanne Allinson,Student,667bb9cb-1b93-4c6c-aa2d-df2e23414bf5,26,Female
Glynnis Skoyles,Student,d1ceaaa8-fd50-45b5-9bd0-6b09015b61d8,34,Female
Gerry Liver,Teacher,91794cec-999f-4809-b7f7-3965ecc9e93c,56,Male
Luther Duddan,Student,a2ffa291-0774-4619-9b5c-76afaa41d1e7,24,Male
Merrili Filippello,Teacher,8deedab6-0135-4bcb-8465-b1ed7ff5854c,38,Female
Elbertine Beiderbeck,TA,6aecbbab-72c3-4c20-a384-2abef3850261,32,Female
Shanta Ziems,Teacher,044f518d-e850-4e18-a4b5-e034b1bde662,33,Female
Dareen Brumfield,Teacher,a94521c4-5e6e-4e7b-80a8-e4ebcc8dc2e2,58,Female
Gregoor Rosgen,Student,bc31e409-f153-4b98-8856-bfdd7e3ab16a,25,Male
Rawley Hasloch,Teacher,598fc102-5266-4550-a3a3-76ebceb84b84,31,Male
Vite Gricewood,Student,e120dff0-9096-459e-9dbb-b3ba905a89c6,33,Male
Rosabella Verheyden,TA,129801a6-b624-4576-880c-95aebe88030d,44,Female
Rodina Livesay,Student,5bf97293-2971-4ec6-954d-9b04f48db4d6,20,Female
Arabelle Trelevan,Student,60490c09-ea01-48ff-ada5-243f03a4713f,29,Female
Theadora Bare,TA,03082c3c-193f-454d-bf9a-a569a9a1fa68,44,Female
Carlin Demeza,Teacher,a932b2ad-f8e1-40d8-96b3-d45454d996e8,31,Male
Daniele Hutable,Teacher,7b50bad5-c2bf-4b79-8423-af7c1c215aab,33,Female
Carmelina Candlish,Student,23e3f8cb-b4ce-4c2c-9b95-74a053858630,23,Female
Morgun Tousey,Student,8be36048-7fdc-4be7-a381-8b81223fb2d4,23,Male
Malorie Soane,Teacher,3e0b91b2-6725-47a1-a463-08a823ff4abd,42,Female
Elianore Gladdor,Teacher,129b22be-b5bd-4fc2-b90f-3d5770ecf4d4,40,Female
Novelia Braganca,Student,c246dccf-d894-4d52-bd99-644fd6819c11,27,Female
Yehudit Grimsdike,TA,3fb5888d-07bb-4eb4-894f-a0d946ea5070,39,Male
Gordan Warden,Teacher,58174839-ebcb-441f-85b8-0450d44d77b2,53,Male
Zarah Reddoch,TA,f92ff325-05d0-46ac-a51f-0f8ff4f80dfe,37,Female
Carolann Fruchter,Student,62f80bc3-3ec4-4e67-b7d6-69242ff88538,35,Female
Lyndsie Spikins,TA,bd97cfbd-e5cc-41b3-8b87-dabfe7e6b7be,37,Female
Jeremie Agott,TA,3ef2da81-cd16-4f44-ba3e-9caba21fe852,28,Male
Ursola Turvey,Student,4610ea6b-a4b7-4963-a036-f8638778b1c4,30,Female
Clayborn Pursehouse,TA,b72ed39c-a450-4a81-9659-c12856c41421,42,Male
Freeman Whitton,TA,d429b24f-fbed-43c2-b069-c323ce8b9ab6,39,Male
Vivi Petrolli,Teacher,c17c1cb4-f6d8-44f6-81cc-1d65e4bd96b8,50,Female
Ardelia Hammon,Student,8bb3a7d2-2ee9-46bf-a390-2e20e06c57d1,24,Female
Nelson Breem,Teacher,7b970dc5-d47d-4270-8c5d-333c8b0be449,43,Male
Hunfredo Wildbore,Teacher,e425d035-6896-45e8-98da-499fb3aee9c0,51,Male
Chester Cairns,Student,f1763e6e-0844-4632-8455-533906033885,33,Male
Annora Lubman,TA,bcf55e24-7394-4fbd-bcd1-1e8fcf79f505,43,Female
Percy Cozby,Teacher,2a279d5a-c537-41ff-b48d-d14bae46ae32,50,Male
Rozelle Roderighi,TA,6a4170a4-e7cf-4aea-80fe-915cbfb58e63,31,Female
Parsifal O'Murtagh,Teacher,bbca3d88-6276-4fca-bcaa-1b32340248f5,58,Male
Wright Dudenie,TA,c8f3fe2a-5023-437b-8283-67899202ebca,42,Male
Berri Driuzzi,Student,94be795c-9c5c-4e95-bc40-9e946b05635b,20,Female
Davis Villaron,TA,c0a1dbf9-ec8a-41c9-bafd-e64df2cc513f,31,Male
Adan Goldfinch,Teacher,1e8c7a80-9157-45d0-a5fb-7da89ec74847,42,Male
Rip Itscowics,TA,951f7932-f1b1-4b22-954b-5394e359cc8c,45,Male
Hattie Waudby,Teacher,c7feff9b-b4d1-49e2-899a-9fc9708fdd07,28,Female
Ker Schneider,Student,2cd221b5-cfd2-409a-a261-f25a201cb4e3,27,Male
Langston Bartoli,Student,dc53dfba-f5a4-4ec0-a134-134540ccc1c6,34,Male
Bary Caldicot,Teacher,f47f8e1e-3cf9-48a7-be12-b2b217c77a6a,32,Male
Chrissy Topham,Teacher,552d72b0-6b99-49df-b9c9-ea2408c9dc80,57,Female
Mariska Volk,TA,bb693361-8f80-4947-bca8-110ca449e01f,27,Female
Tomaso Woolcocks,TA,470e7bea-634d-4674-94c6-ab1de1fa33c2,29,Male
Virginie Hardaker,TA,40c2cbc1-363b-4dc0-90dd-f283dd8708ca,23,Female
Melesa Mohun,Teacher,ed7f30b1-19bc-47f7-973d-277f620d6081,44,Female
Thaddeus Coley,TA,4c7009ff-e620-475c-86ab-5ea4338cc3db,31,Male
Mora Hawke,Teacher,6f4d106a-ca47-4580-8ce6-97a82dba8748,33,Female
Arlana Serfati,Student,082a7d84-d28e-48a2-83e4-6d196eab6445,22,Female
Zorana Barnhart,Student,322ecc67-93a4-4681-9dbf-8f5043c6b3e9,34,Female
Marvin Smurfitt,TA,844f1604-9bfb-48bf-a5e2-390cc69ef3ca,35,Male
Nissy Keeley,Teacher,c3df2c7f-0133-4c5e-b457-eafc4e92ca79,44,Female
Myer MacGarrity,Student,7e28bc68-7622-4de4-9f91-387c8b66a4f1,23,Male
Lucian Kinkead,Teacher,ea5c7503-7334-47b4-af92-27a1cda1b3f2,48,Male
Saw Di Maria,Teacher,fdd3b2ea-668e-4dc8-822c-46c67ddacdc6,65,Male
Ali Bebbington,Student,bb855523-52d6-46e3-884f-1842bb51224e,22,Male
Abagael Caselick,Student,017356f7-7964-4e3b-939f-ea069dd832b6,31,Female
Ruben Senchenko,Student,e69bf0d8-4094-41bc-bf39-5f9ac9e65a1c,27,Male
Ferdinande Fulle,Teacher,2e7e4911-1288-43e4-acf9-e5cc04e5c532,56,Female
Allan Gauvin,Teacher,d95082d7-12df-44bc-a282-4134f49518a2,47,Male
Jobie Swetenham,Teacher,dee45b80-7d1c-4d21-916a-fef682ee288b,32,Female
Toby Froment,TA,bc8e9bd0-dc2f-4a70-93be-c8bd36924a93,43,Male
Danika Blooman,Teacher,a736b890-cee1-4279-bbd8-60641de5ba40,39,Female
Greer Robbie,Teacher,2b5c1dd3-4dff-4c8e-9ab1-a77234b809d4,28,Female
Benn Dict,TA,77ccd46d-4755-4234-9071-7408574ca166,36,Male
Alfie Westmacott,Student,ba7385ca-3ea0-4cc0-8f9d-d6adae8d158d,26,Male
Matthew Cathie,Teacher,e491a108-42fd-41c7-8ce8-79b252a79a8d,57,Male
Terza Rissen,Student,c3399bb1-f9ff-4a2a-8ba2-6a4ad14f1f89,21,Female
Dell Sambiedge,Teacher,c15cbfdc-8774-4095-93ca-eb3b1b1d7a58,38,Male
Evan Fishwick,TA,4ba4a580-73cc-4780-a36b-5d55bcd8c532,29,Male
Nickie Greenwell,Teacher,a4aacf2d-b9d5-4edd-8fe7-b9fb4304c4d7,28,Male
Alfreda Maciaszek,Teacher,ddd24c1f-7c7d-4652-b4fc-aeadd16c8ee2,49,Female
Peter Foan,Teacher,5a1478ec-6258-435e-a152-aeb2135179e7,49,Male
Maje Baguley,Teacher,404b1b80-3636-4c4e-a5f0-d107c4071e1d,60,Male
Hernando Goodbourn,Student,974f5cb1-59cc-4b24-98e5-1666ba066c70,28,Male
Cathleen Olman,TA,a040f767-d4da-4163-a3fb-6dab560eb357,45,Female
Sarajane Shatliffe,Teacher,30c67415-898f-4af1-8daa-bc4d1ee1b9af,36,Female
Abbott Zywicki,Teacher,08a45bfb-0221-4b18-9cc9-1764a4910101,42,Male
Keely Heymann,Student,eb6fbebb-0854-440a-a668-b5d6eee0bf71,24,Female
Georas Kinnach,Student,ea0a24df-a659-4f21-a759-26d139051d8e,25,Male
Harv Dewdney,Teacher,44077d0c-a498-4309-ab13-a8645dfcb545,35,Male
Michale Grzegorecki,Teacher,e4a9858b-7959-479d-b7d7-ce59560d389f,44,Male
Teddie Grossman,TA,1a02d505-56f4-4581-a8cf-8953c81cb0c9,37,Female
Prinz Duckett,TA,0e1ea963-4983-43ba-9177-36b07c926cde,24,Male
Emiline Cordero,Teacher,09d06c44-5919-4dd1-8c9b-40b834c976d2,38,Female
Heddi Fearby,Teacher,6563c00b-7478-4436-9bdd-fa4f4020d443,49,Female
Jerad Hefferon,TA,96aae3df-e219-4db6-b562-1eb97c218a50,43,Male
Arthur Valdes,Student,fc5abb7f-3133-4d0c-b72a-d4621b3bc4a2,35,Male
Sacha Sorey,TA,00b57c88-6d4c-435a-9a68-18e45f8fe24e,27,Female
Martha Seeman,Student,92f76e65-5b1d-401f-abe7-cba2751161ad,34,Female
Margareta Whitwam,TA,cd992cf6-70ad-4916-8315-f7975c9530a1,28,Female
Larissa Joscelyne,Teacher,8cda2e13-d179-4ebf-af19-179bb16d5001,43,Female
Heddi Barrett,Teacher,a601a109-421b-42c2-a124-2c761fcf1ce6,59,Female
Lianne Zute,Student,7f776288-e797-4edf-86e0-640ad29b0411,35,Female
Maura Pletts,TA,485668e1-60cf-4fb1-ac9d-5ee5bd1418f9,42,Female
Dorita Chisolm,Teacher,b6d6e661-506d-472a-a808-7633cc9c6ca7,43,Female
Alfi Connett,TA,abbea699-6582-484c-a951-1108f138e01f,40,Female
Zacherie Burrill,Teacher,560d89ca-4baa-477d-932c-e100a8b612f1,42,Male
Hailey Pym,Student,b3ccd2b9-8154-4b51-b3cf-b2b9261a47db,21,Male
Maggee Kentish,Student,c8ae0a55-29cf-4a25-80a6-33ee4c6d5b3d,35,Female
Gerri Killner,TA,eb335f55-4d80-4605-ad85-ae3b31cac7c5,43,Female
Maximilianus MacTrusty,Teacher,1a5444c3-72c3-4a3d-90a4-985c2eeaba6c,39,Male
Lula Corneck,TA,338cd369-232a-499d-9595-b7a3620b3c0c,31,Female
Boony Doddemeede,TA,405395da-c09f-48e1-8527-0cac4dbb9180,32,Male
Bernie Luckman,Student,e570883e-2b28-4e4b-916a-7e3163a1ca97,28,Male
Maryl Elrick,TA,3a6f8410-cb34-4088-aa78-246a3bb5d308,22,Female
Ange Gerard,Student,3d099860-9968-41d9-ac49-05d6010017bd,33,Male
Dagmar Zapata,TA,440ba4dc-93e7-4ea0-bfba-bffb1b039f5c,37,Female
Fiorenze Jantzen,Student,53ad6c7c-ba74-4d1d-9f1a-8e250c38a527,20,Female
Skipper Di Angelo,Teacher,b61c885b-3b2e-4aea-8046-4062e2961dd2,62,Male
Virginie Boome,TA,648dd7b3-31b5-4fc6-8b97-ac9c5e3544eb,41,Female
Jean Fittes,TA,7b2cd6ff-4493-4f86-9af6-f3dcc4341be3,30,Male
Terrie Lillegard,Student,8cf3b96f-4ae7-42bf-ab21-8f05f5404f84,20,Female
Steffie Sargint,Student,232ba79f-fe53-44c8-a312-a22cd5e297fc,29,Female
Delila Hamber,TA,4034b50a-38b9-4096-9138-4e6670928702,45,Female
Karleen Lipmann,Teacher,6d57b68c-1914-4f73-9c00-d603cef0caa1,51,Female
Raviv Barnett,Teacher,75ffed0c-2d9b-419d-82c0-20494d4baf4a,54,Male
Boigie Badrick,TA,959e8960-638b-4109-a078-da9829271b9c,40,Male
Pail Davidovsky,Teacher,b6958107-8dd9-4fe1-88b8-71e43fca4cf0,51,Male
Vaclav Owlner,TA,f741f8d4-9d7d-4c6c-a1aa-76e01ecc3542,34,Male
Kent Pickup,TA,6cd219cd-d030-4bbb-940d-bf86f0fd5fb5,24,Male
Bab Dakin,TA,196325a6-6ff3-4e66-9209-617b5da0a322,26,Female
Egor Woolaghan,TA,b8f84d2e-67d7-4918-a44a-b3a0bf07400b,38,Male
Shelia Lomansey,TA,3769809d-2bde-4f4c-9bdd-565c68c1ce4f,45,Female
Woodman Longley,Student,f76cf84f-f0d5-4711-9d78-11821980287f,28,Male
Lorenzo Webberley,Teacher,3933103f-e830-4444-9a43-43c9c6b07fe0,49,Male
Nickolaus Crunden,Student,04ba4e05-9592-4e2f-8c1f-8b859e83798a,25,Male
Adams Eyres,TA,21766184-6100-4ba5-8e67-237c666ef2fd,42,Male
Greta Rosengart,TA,ee69270e-9087-4e20-87d4-f032e72cd466,23,Female
Carly Yakutin,TA,2f430fd8-f334-49b8-8041-b5b526d79dce,27,Female
Edi Wernham,TA,a80c2fd9-de60-49bf-9a89-c5ee5915a583,41,Female
Gannie Comber,TA,73ad8f9e-d4af-430e-8394-ac37245b8a94,39,Male
Tresa Stair,TA,5eeb6cb2-36be-4f8d-b355-52987827728b,34,Female
Licha Hurndall,Teacher,e9373e17-8b2b-430f-8791-2adef088a75e,45,Female
Clem Cottel,TA,cb0c82b4-5b2f-49cf-97f6-446916baac53,22,Male
Ibbie Barrasse,Student,47926bde-7c02-4a7a-a68a-6d0ac1e7f83c,29,Female
Jordana Drewet,TA,89406b66-5991-4203-9dbe-bd6078d36d19,42,Female
Cleavland Bigland,TA,cd873ee6-e45d-494c-bcdf-02bf1560dcc7,28,Male
Eadie Saull,Student,9f8bb5e9-25f5-4227-aa20-1f70fb7b149f,25,Female
Corella Bunyan,Student,86ef3c82-3813-415f-ade1-60a7484e3bab,33,Female
Mavis McMickan,Student,079bd753-a153-414d-a858-83c52b1ef2e5,28,Female
Morgen Dannel,TA,07e4d160-2d0e-42ef-a627-bca61751a97d,37,Male
Tanhya Grishukov,TA,16282c8d-8100-478b-bfc8-bda34ebca5bb,42,Female
Cindee Piggen,Teacher,48075185-a7cd-4208-a34a-c201e24e1dcc,55,Female
Lennie Naris,TA,a022007c-ece8-451a-83cd-6fba8c69b1ba,34,Male
Maegan Soigoux,TA,fbcb7c39-cbc1-41f9-ba5c-9e0f743172a6,22,Female
Flore Meni,Student,3a3b3ab3-0589-4824-abac-ae3bc49dc90d,25,Female
Saw Eyrl,Teacher,3524a8f1-6431-4255-8b6c-66edd5a3adc7,55,Male
Beck Kob,Student,29cc30dc-2c47-4985-bbe4-4e36c17723e6,27,Male
Flinn Sedge,TA,cab74341-cfc1-48e6-8b63-94e6e5e6c610,36,Male
Heindrick Ziemens,Student,1287f4b6-b45b-4264-bdf8-edfb842f8656,27,Male
Mikol Warlton,Teacher,af84a334-ccb9-4b57-97b9-5692475d22be,40,Male
Denver Kurdani,TA,14d87951-8c0e-49c6-a631-e6edc517c60e,26,Male
Darbie Metherell,Student,bc75a758-9806-4217-8cdf-8612c747784a,24,Female
Demott Voelker,Teacher,b84ddbd7-951d-469b-adf9-ab3c9c7c9d78,62,Male
Kaycee Gillhespy,Teacher,4009aaae-f40b-4f5a-8d1d-23ac8040ee37,55,Female
Ivor Chifney,Student,c9eb66d6-d05b-4887-ab0f-78a3e923e95f,25,Male
Huey Kerwick,Student,f6988a82-2800-4f71-9422-d118da97ea9d,27,Male
Vilma Parkey,TA,3b5cb8d1-d487-4050-bc77-67b4515daf90,41,Female
Nelli Malsher,Teacher,74f98cc9-4ca9-45de-a8d4-17190d9e76c4,61,Female
Gabriel Buttriss,Teacher,59f4b48d-d06e-4c28-8d59-1d5218df1cd5,41,Male
Aigneis Angless,Teacher,ea093dbf-70ad-40ba-aa0d-98c51ea52043,32,Female
Mayor De Bruyn,Student,15b0d0e3-0e1c-40d4-b97f-c7cd83120449,34,Male
Corty Barthelet,Teacher,2b2a14e5-c274-4cac-b345-4566148dbbc5,57,Male
Quintus Gypps,Teacher,4c912746-2879-44a6-a312-3767482c36ee,43,Male
Ced Withrop,Teacher,6911712a-3e97-4a54-ab5a-9d773f7a4ceb,31,Male
Sigfrid Clawson,Teacher,04d20559-5a7a-44f4-a674-095d8325501e,54,Male
Annabela O'Hone,TA,4b7b8f92-f3ed-42cf-b0f9-a205a0f89bdd,33,Female
Marietta Rimington,Teacher,363db0e9-401c-4f25-8866-2d7caa774802,37,Male
Minne Magwood,Student,56acc63e-c65e-49b2-a6ba-bab75ffeb853,33,Female
Ricki Dalrymple,TA,61667681-8db8-4165-a022-8691e8ab6ed7,45,Female
Cecilia Peert,Teacher,d0853a4e-3cee-4967-9536-652604de5fb8,47,Female
Drew Sunner,Student,dee68ac0-7a65-48ce-95a6-6df45e5913d4,35,Male
Tania Rhelton,Student,17de0d87-3c65-4c9d-94fa-0489fcc0f270,24,Female
Jaime Chipperfield,Teacher,bcd6cee7-a3d3-4973-a2cc-137787636a96,30,Female
Rora Locket,Teacher,0d7a81c9-ef14-4976-b240-9bcee66262e1,39,Female
Rochell Pietri,Student,ba9d7aa5-71b3-4053-873c-f340135bc114,32,Female
Robinson Ebertz,Student,bf5abe31-f7a8-4107-bc90-bd33b5a451de,22,Male
Yulma Royle,Student,73b79bc5-156e-4ae4-81c4-f0d300ed8cff,30,Male
Morly Tothe,TA,c74c8c1e-2222-4350-849c-ae0af3741c77,41,Male
Kerwin Oliphard,TA,2d631a4a-81b8-4e0b-9244-10b8cd709fe7,23,Male
Rosemary Trahar,Student,5e5b5ca4-f7ca-402f-a421-cb45586c0017,32,Female
Giulietta Grigoire,Teacher,2e24dcd1-04ce-4b10-8c4c-2cf0651cb293,54,Female
Kaitlyn Awmack,Student,a2db6bf0-d6a5-4e0e-bf79-6c1770f7daf5,22,Female
Claudianus Galton,TA,886b9e66-59b6-4f33-b0db-d198ae1a3532,26,Male
Friedrich Hagstone,TA,9551a30e-b2f0-4e6c-b6c4-a5c3475d581e,30,Male
Milly Langton,Student,0d3e65bd-9750-4e6c-9b5e-b20a0e96265f,28,Female
Ursola McGaffey,Student,6b9db2bc-2e66-47d6-8afb-1538de0fd77f,20,Female
Rodolphe Squirrell,TA,26aa7db7-a4d9-4ea0-956f-ac3c46f0b2e4,32,Male
Tedmund Cowtherd,Student,3a05e234-7134-4765-822b-2732d4a6e3a0,27,Male
Tiena Slyne,TA,3a3a1b0c-15f4-41dd-8694-7c89443fdd28,33,Female
Buddy Shelley,Teacher,aba4b246-63a8-425d-a5bd-14be887694c9,62,Male
Cathlene Le Provest,Teacher,88aba2cf-e79a-4d6b-8c6a-2ec25faa934c,51,Female
Cloe Fantonetti,Student,e7354bc7-c2f6-433c-a906-7554a6b05815,28,Female
Ted Measham,TA,c7dc70fa-82a5-4b39-bf98-990a932e2e76,32,Male
Nelson Grishanin,Student,d13a4f00-242f-4812-b22a-988b4f1dd31f,29,Male
Jere Wakerley,Teacher,73ef7cc0-29fd-4ab7-8121-955b3adb8888,39,Male
Isaac Lowy,Teacher,a33283d5-e605-494b-9ccf-6b55d0fc7efb,52,Male
Sergei Pinckney,TA,6fe47128-7c44-4b49-9647-b1dd7f45ccdb,34,Male
Olympia Absolem,Student,d0960973-e78c-409b-ab3e-8b021945edd1,26,Female
Putnem Fewings,Teacher,c89a5e0e-be99-475a-a0bb-8bb33abb1e9b,28,Male
Izzy Mohamed,Teacher,e74b6dc5-5268-4f54-a171-4c499885c69a,45,Male
Ambrosius Aland,Student,ea095b33-2c5d-4375-89ab-0cbbee700201,22,Male
Quent Rossbrook,Student,f9d64e6f-d694-40d5-b65e-8680949afb64,20,Male
Alden McBrady,TA,edf0dbe5-a5c8-4902-833f-1430c13ea630,25,Male
Yale Lanchberry,TA,6ad67f9f-d85a-46d4-81a2-a51dc3900856,23,Male
Nat Womack,Teacher,7ccd54fb-4f05-451e-8792-5d4b2774cc5a,64,Female
Maritsa Seakings,TA,8e93e1ea-a0b8-491e-bb5d-d5f9f11f9687,36,Female
Murdoch Tomes,Teacher,97b2457a-1471-4457-aaac-103fea1b0b34,36,Male
Winnie Andreolli,TA,9d3f5ca3-5df6-4319-9a07-10d326712a93,39,Male
Gavan Coughtrey,TA,76193a37-7ff3-43d6-8867-5def717dce8c,26,Male
Drake Runchman,Teacher,91c2ad78-07cf-4ef2-8703-7674758d4384,30,Male
Dottie Attenbarrow,Student,3bbbdf46-3fdf-4ea2-a870-b610a47494e8,33,Female
Gaspard Leonards,Student,eaa88925-8181-4b89-a23e-d9640bd7a44f,33,Male
Kienan Sunter,TA,7f79f629-aab5-4d3e-8130-134c4760c250,34,Male
Teodoor Weight,Teacher,3124ac7b-066e-4241-ac0d-b73195d4cc79,34,Male
Niall Walework,TA,00b3e6ed-03a4-472d-9caa-30ca916ee088,23,Male
Aindrea Badrock,Student,259f5661-5da5-4712-bb5d-15f0adb18752,33,Female
Humphrey Duthy,Student,0b631438-ddb6-4723-8a14-d69d890f3519,32,Male
Alford Ruckhard,TA,2038512b-9dba-4fc7-af61-bac2ab9b7169,25,Male
Caitlin Narraway,Student,2a188473-9f38-460c-a027-b5e788ed8d9b,28,Female
Jdavie Croot,Student,c37c1ca2-e3cf-4e98-97e6-cf46c5bc7ecf,30,Male
Rodge Haverty,Teacher,5f8f457f-7ab2-430e-a399-50f6b08f2cac,54,Male
Harlin Conneau,Teacher,a80a8a9d-a3e6-40be-9d94-80cc02b452e4,56,Male
Arnaldo Dyble,TA,ce8580d5-225f-4bca-b244-6300661d2620,34,Male
Berke Saffrin,Student,e1d8ec5e-433d-481e-8ba7-2ae25139ec5d,35,Male
Ernaline Purdy,TA,aebd5382-ab5e-4863-8b7e-c7029038a348,23,Female
Anatole Trulocke,Student,e2392d79-8bc5-4087-9ef7-38472a5f4abf,23,Male
Tobie Marmon,Teacher,803d2201-3389-40e4-ab94-8a5d34b310a3,55,Male
Renaldo Bogue,TA,76d64803-e24e-49a4-b1c5-4273059d0169,29,Male
Tedie Jemmett,Student,fef34ccd-4e7a-4037-835c-f9756c2e4d88,35,Male
Gail Dacke,Teacher,41f6a3bc-cf94-4390-8e1f-7d5a6a06622d,35,Female
Davy Spellacy,TA,076209e1-771d-4f78-b20e-a7e99fec7551,22,Male
Aryn Abad,Student,22b246b3-2426-4220-9df6-5797911cf26c,30,Female
Pet Scrivener,TA,27ef1962-c164-4229-9f13-16a1429c481e,23,Female
Jobey Giordano,Teacher,ea63b1b8-37da-42b7-9a5e-60242ba35aa0,28,Female
Coraline Bangs,TA,299b7508-476a-4862-aaca-596328dee497,32,Female
Nicolis Capey,TA,7957017f-1b47-4842-973f-ae7126ca417f,31,Male
Forrest Kamena,Teacher,4748f70c-e9bd-479a-83db-56f71bd993b6,29,Male
Ario Semiras,Teacher,69bea76f-cdb6-4d11-b3c8-321810d78463,43,Male
Wendi Iveson,TA,5de44f3c-ee32-48ea-8026-b9c5395bc6ef,43,Female
Korey Henighan,Student,f2bdee88-d15c-4e85-9820-9270ff7c5c97,22,Male
Brian Busen,TA,11747cd8-c4ee-4a02-b0ab-94fe740e80fc,42,Male
Riobard Dalgarno,Teacher,7c76a4f8-fb44-4db0-8b44-9caf27a4890b,44,Male
Hannie Preene,Student,764fd277-74d7-424c-bf06-166e2d8935e9,35,Female
Orsola Holleran,Student,2f510e72-c860-45bb-acbd-965fd7b5741a,30,Female
Mavis Stoter,Teacher,812571e4-4445-400c-beec-b82446737703,55,Female
Jonathon Manilow,TA,4d486ee9-e852-4319-8779-007a87af3ff6,45,Male
Tiffi Ales,Student,f2ef5916-714b-40a1-b1a8-c4970553938a,25,Female
Jemima Amiable,Student,742ce01c-aeec-4331-b302-6b8aa18b17f2,28,Female
Doy Leaf,TA,303f229e-646c-470c-9d9b-e6a5246bac04,35,Male
Ario Ferraraccio,Student,d74f132a-f741-4b1c-b363-ea4fd040cb04,22,Male
Bowie Rook,TA,5db6b827-8e97-4ce6-9d26-ff269bd77dac,27,Male
Guthry Seagood,TA,578b21a4-74e0-41db-b28b-055dbefe6aff,39,Male
Constantine Merkel,Teacher,eebbe2e6-642d-4758-b6f0-69349937d4ec,64,Male
Collie Mousby,Student,1a43ead1-52da-4d60-a551-5d2e5d7e8d03,20,Female
Vergil Wellum,Student,5087b2a4-f820-4e34-972f-5dca88474614,21,Male
Moore Conti,TA,3733d85a-17f7-40f4-9035-531557a887ab,28,Male
Erastus Mollison,Student,d7be70d8-b044-4039-a6bc-aaabb4582c9d,29,Male
Karim Rait,Student,34bf06ba-748f-4f10-a598-5b5e7d36873d,28,Male
Eddie Flux,Teacher,45b6fbed-c46e-4db3-a8da-b6cbed6c6377,61,Male
Hort Powland,Student,c77df877-5988-4459-b45a-5f615faa4c18,25,Male
Chrissie Kelloway,TA,654005b7-36bd-4f4b-be32-e89303e4d9c3,38,Female
Christopher Greatbank,Student,f30de6cd-5b1b-4a12-ab56-ca63c05cde7d,30,Male
Martainn Butterworth,Student,049940c5-55c9-41f3-901a-c35f46b042c2,35,Male
Carroll Slaney,Teacher,b115af43-6766-4e6b-aeca-25fc520c1ae7,40,Female
Jacquenetta Ashurst,Teacher,5300e7f4-b75f-4730-a664-d528d3d6cb3c,63,Female
Walther Sked,TA,5efbfc9e-eb7f-43e6-a80d-5558ce1cad4f,41,Male
Harper Bushen,TA,ae599d06-75ea-4b69-bbf5-e67bfa52a27c,32,Male
Ulick Gleeton,Student,7ae0c93e-9d5a-42f0-bf7b-4bbea245ccd0,34,Male
Bambi Wescott,Student,fc60ed1f-2bb3-403e-b793-25011d93a864,20,Female
Tabbatha Kemmet,Student,f44dbc68-461d-4b26-ab82-1cde9191aec1,29,Female
Renee Hitschke,TA,e38ac6de-2745-4898-a730-e316376cbed3,28,Female
Robers Summersby,Student,1ef72fbc-2c37-466c-91d7-b51e0ec755a4,28,Male
Georgeanna Branchet,Student,857ece88-f849-499b-b362-57059be0bd0b,27,Female
Scot de Castelain,TA,6398e0d2-d93c-4782-8ad2-1ec9d18d0236,22,Male
Hughie Eschalette,TA,5730551b-ae97-4d29-9172-a8a0560ec72f,41,Male
Bink Volage,Student,731b99e2-1596-4e02-8a02-15ce677a5ebc,28,Male
Elissa Boniface,Student,573b4224-74b3-42b4-b2fa-90f02ee44d47,29,Female
Denna Conibeer,Teacher,3bf53d86-1918-465c-b24a-f75184a977ed,45,Female
Alethea Buttfield,TA,87b82a3f-462b-4e15-a801-6edfbf1c52f7,38,Female
Virgina Croker,Teacher,95831e8e-30bf-4689-8a3e-f92fc93925d4,33,Female
Ilario McCloughlin,Student,246f7e93-a365-4387-84d3-9ffd4d7848c5,24,Male
Corrine Linkin,TA,d79c1ca9-1edd-41c4-83cf-79987d8c1a12,22,Female
Dionysus Derks,TA,a3fe747f-dc6a-4a64-bc86-5f3f25db7952,45,Male
Osmund Brendeke,Teacher,e11b19a7-85c2-4857-94b2-9f626c3a2d1e,36,Male
Coletta Butfield,TA,9f47e80d-549d-4bc9-b891-27386fc1515e,22,Female
Nanete Tacon,TA,62e2dbc3-6627-4fb1-bbe8-21efb6036506,25,Female
Enrica Andrzejowski,TA,3bc79da2-56b8-4930-b198-b62d0e0a8364,27,Female
Elmo Lante,TA,2d32ac95-4dd5-4013-a1d4-72f167139407,30,Male
Marven Coupar,Teacher,95a07e44-959e-45a0-8b86-50417b53fd9f,50,Male
Locke Burner,Teacher,f3a0a4ea-9ccb-4a77-bd6f-bc76e37c91e4,34,Male
Nady Rainsbury,Student,211e8dd6-e579-4e7c-b296-f649a1e43bda,21,Female
Shannon Nehlsen,TA,0fe53d9a-c95b-47b9-8433-066da4ee8ab2,40,Female
Florentia Barltrop,TA,e7ece597-bc7f-4974-8fec-b6eaa91df0dc,40,Female
Winonah O'Lagene,Student,3dae5bae-f298-43f0-bd14-af09c76f7b65,31,Female
Kristal Kuzma,Teacher,fbd3794c-407b-4020-888f-704c52cca5f5,55,Female
Cortie Hause,TA,95ad7a6a-8931-4cce-98b7-092107124612,34,Male
Muffin Stoller,TA,bac902c9-d2b1-4d0c-abca-1efdaebcc1c4,27,Male
Eirena Scottesmoor,TA,d0c20bb5-5415-43d1-87cd-bc0e4e175a3c,33,Female
Heather McElane,Teacher,45705060-62a7-4ed4-996d-56cfb88c7ad6,62,Female
Kissee Ponting,TA,44d1c1a8-4cd8-4faa-9f1a-6346e3ff040f,24,Female
Maris Dobey,Teacher,49c95db5-5eee-4d86-bebd-9c6611fd7e8f,47,Female
Isaac Hopkynson,TA,f51ccc4b-6aa7-499c-a385-232d32b57fed,40,Male
Nolly Pavkovic,Teacher,c6eb3d88-ea0d-4008-9b9e-979478b128ec,60,Male
Simmonds Pretor,Teacher,d6cd89c4-0b2a-4cde-af94-e21b9402f285,44,Male
Vincent Ticic,Teacher,d352e10f-8e37-4fee-9fba-592524205632,28,Male
Simonette Puddan,TA,6fc4fc58-271e-4088-aa96-a3f5d3675134,26,Female
Marijo Huncote,TA,c69884b6-0152-4148-b71c-24ab45883b39,29,Female
Belia Leahey,TA,9c259d32-53cb-4d52-9803-93b3a670282c,43,Female
Tova Wharby,TA,1c088ee4-86fd-475f-9845-ffc0b7cb2483,31,Female
Lucretia Zecchetti,Student,dc56f244-12dd-4f1f-9021-d27d18ccf023,23,Female
Birdie Kroon,TA,81030501-34b8-402d-aed0-bb707eb836e0,25,Female
Alain O' Lone,TA,a9564a89-abdf-45a7-b782-8e643b70a48c,35,Male
Ricky Daveridge,Teacher,39adbacb-d370-40c1-ae91-161a7b86931a,47,Male
Lindsay Coutthart,Teacher,0f0e1fc1-5a0c-44b6-8c2b-cc4fe34fbea1,33,Male
Stafford Cicculini,TA,dd22df73-372e-438c-b1e0-bec7176521cd,30,Male
Clerc Buttel,TA,e7dc6877-5e2b-4fa1-bb26-e83725eae4fd,31,Male
Hannah Mcsarry,Teacher,e8d2abc0-d7be-47a9-be1e-7008cea50560,61,Female
Rosamund Cornforth,Teacher,3f3aaa00-9ec7-4a08-af93-6dab8cf7fe45,38,Female
Johny McCuaig,Teacher,ba251b19-fd26-4896-82a1-7f422d637527,31,Male
Silva Innwood,Student,42c4c59b-a1ce-4ef7-b6ab-083a73d24af7,25,Female
Gusty Erasmus,TA,8c6b5a1f-8ad2-4a41-8dab-3154eb2ef4ae,37,Female
Mendie Shephard,Student,3842d66e-099c-4f19-bbbb-49ffd34827dc,29,Male
Mayne De Vaux,Student,3de42784-c8ea-48af-ab9a-209f57c2e5c4,34,Male
Colene Schultze,TA,2635230e-c587-45b8-93e1-ebf303da2d7b,37,Female
Gregg Covotti,Teacher,59c7f387-72e9-42ab-af5f-9c7eaaba2705,28,Male
Bronson Willcott,Teacher,3851d50a-eee9-4695-901c-5870fc468343,42,Male
Daniel Nevin,Teacher,e40abbf0-ba6e-4244-9b5c-1e6d419a9cbb,33,Male
Mariellen Ogilvie,TA,3e0737ae-f061-4e83-9e4f-e2af08a9cade,31,Female
Xenia Lambeth,Teacher,6da2a7ad-d12b-432f-986c-6f329bf6377a,31,Female
Jenelle Wickey,Student,80d225dd-2cc2-4538-b292-f702531af3e5,28,Female
Heidie Rudolf,Teacher,7a180025-c385-428c-924c-31d11b70e1f8,38,Female
Vidovic McLewd,Teacher,97e9d44f-1501-4c77-a310-e8384488c466,39,Male
Delmor Gilliam,Teacher,a46d2e19-d04a-4a8a-8df5-b46301221ab7,57,Male
Massimiliano Faunch,Student,a9e38c85-f429-4be2-b852-81d28f8349cc,35,Male
Esdras Allen,Teacher,5fe1b5f2-d0cd-4f44-90e5-21a991e323bb,51,Male
Ganny Monaghan,Student,8b544803-f08d-498f-8e4d-aedab0e30dd8,22,Male
Ryley Denkel,Teacher,f35f8d9e-b188-465f-b00c-47ed9c1f79c7,52,Male
Morry Sheeres,TA,6a1c129d-f9b6-4b65-b534-81da7827e9a2,42,Male
Bethena Blackston,Student,54382b62-a81d-4adf-a3e3-9b71007020eb,28,Female
Jere Murty,Teacher,2bfa6d68-b408-4572-b20d-2c54c4b134e8,37,Male
Kira Antal,Student,56d4e0d3-3dcf-433d-855a-4f195aeb6047,28,Female
Dawn Plowman,Teacher,72abd315-9fa1-41ee-9e25-c9906f82b549,30,Female
Maxwell Roxburgh,Student,14aa6372-2fe1-443b-87d7-05b72d5ca985,24,Male
Jennette Pude,TA,e1fd3366-bb78-46ce-bae0-94262c402293,44,Female
Culver Axel,Student,36d07ada-e383-4837-9be0-06cae42c25de,29,Male
Christoph Liepina,Teacher,f796b186-2f79-4b72-a7fe-51d5c6018b6b,31,Male
Jaclyn Horsefield,Student,e602c8fc-0344-48f7-b493-674cf4d09b54,20,Female
Nataline Waldron,Teacher,505201c6-75b8-4deb-9299-ce3170f53c0b,49,Female
Christa Lemin,Teacher,8a847010-f601-4deb-a46a-a17edd860175,28,Female
Leisha Emeline,TA,82f4137f-c7af-469d-81a7-a9fe54ff3f05,36,Female
Lenci Isabell,TA,2a94bf37-9626-4190-a646-2a45e48b4e63,34,Male
Clerkclaude Petford,TA,0a002a72-2b77-46ab-95ed-a14402a876e0,38,Male
Reginald Torbeck,Teacher,64fd577a-74a9-4fa0-8bce-3104979a219b,62,Male
Prue Millimoe,Student,42ace33f-d30c-48fc-b5d4-2208f72e0ac7,33,Female
Silvan Wynett,TA,3adc44a7-99ac-47c0-8360-a46b43aa0338,27,Male
Wakefield Bennitt,TA,162bd6c9-d938-4abe-94a2-0bf028f5344c,28,Male
Tawnya Flatte,Teacher,8d4edb06-d98e-448a-b6e3-1bee859aacde,59,Female
Margaux Ofen,Student,5b38df23-8d81-4ff6-907d-b9ce07b764f2,35,Female
Grantham Blasi,Teacher,f4301623-c91d-4fbd-9094-61736967303d,52,Male
Adair Reide,TA,dbb83df1-0cd5-457d-9fb3-06bb6709660f,31,Male
Cordell Moogan,Teacher,f30d1581-9975-488f-92ec-12dac27fceae,63,Male
Dottie Lainge,Student,aa2e2878-9dcb-4f1b-b40d-170f577e0141,34,Female
Josey Harbert,Teacher,7411a312-1961-45fc-b34a-34d7f56fa577,53,Female
Gussie Gartin,Teacher,402bc0b2-2f83-4359-bd21-b249a6df976b,54,Female
Bail Swainger,Student,d730c62a-9a78-43c4-97e2-1d97828ae54e,35,Male
Marianna Glide,Student,448680af-dc47-460f-a3f6-954aa7beff82,35,Female
Sigismondo Imesen,Teacher,6fcff4da-b9b4-4eaa-9088-a309f25b2658,48,Male
Ethelred Junkin,Teacher,3dffc21f-ffd3-44b1-a2ef-f98a7752dc28,63,Male
Myriam Esmead,Student,10ff9bd1-c0dc-4e79-b7dc-afb6c33633a9,21,Female
Ruth Gloster,Teacher,63f6a568-decb-4161-acaa-f0659b91b893,38,Female
Thomasina Bestwerthick,Teacher,777695b0-efb3-4cff-a832-3eebbc87b81f,53,Female
Rosita Tutt,Teacher,a1619889-b754-434f-b320-c79b770f2d06,36,Female
Tonya Cobelli,Student,aa606f1c-e8a4-4260-b2f3-9b888c41277c,35,Female
Clayson O'Kieran,Student,687fab25-296c-4a45-8280-9445cc518fc1,26,Male
Kaitlyn Stonary,Teacher,20889648-2714-46bb-8413-ba8ebbc64454,58,Female
Ernesto Telford,TA,8030a926-c08d-4931-8243-a31044c384c4,39,Male
Helaina Vaughan,Teacher,bf440c0a-d725-4ebf-8114-b4fd5f044eaa,31,Female
Roshelle Stutte,Student,251952ad-c7de-42f3-99ea-f58dd1508787,23,Female
Leia Stirton,Teacher,7fe8a13d-135d-44f9-84be-d34bb945b136,55,Female
Conrado Magson,TA,b2adec99-a407-4a60-8aea-feac639f15b5,25,Male
Prince Kabos,TA,c329eb2b-732a-4470-868d-e9f20faab852,22,Male
Stepha Hugett,TA,088a1958-5731-4d10-b235-6f873f5b456b,45,Female
Justen Briatt,Teacher,1643c868-df34-4ddd-a5dc-2e0b0f696fac,56,Male
Ezra Guenther,TA,26ae68ce-e62c-47c4-a399-da1d2a52f16f,29,Male
Happy Sabine,TA,6c9d951b-33f1-4b61-8454-170fd46c0feb,25,Female
Brena Burkman,Teacher,acea03ef-cd22-4531-ab53-116bdcc04e97,55,Female
Saunderson Shellshear,Student,6dd779ab-612f-4cf1-a5b2-dc9301c69915,22,Male
Winfred Andrejs,TA,fa69f89d-824b-4b60-aeac-64d9a594d091,29,Male
Merrick Witherington,TA,dc754066-cf0e-4a39-be83-41b4c8635779,40,Male
Karleen Wason,Teacher,bf2b63c1-8100-4995-a12d-d7d84290157e,36,Female
Fin Dishmon,Student,40ee0381-8b8e-4476-8a4f-d43455765c86,23,Male
Victoir Maypowder,Teacher,66638b6c-d286-4185-8f01-48e8e0b3dc52,56,Male
Cesar Gow,Student,341da687-f2d9-4144-973e-a13b67a742c1,29,Male
Drona Drennan,TA,5b9301c8-78d1-40a3-8269-033ba85d7eff,36,Female
Ofelia Jerok,Student,e7f3f5ed-36ae-4372-9da8-3cb1aaafe335,35,Female
Rose Everix,Student,1d4e3141-ceca-4183-b898-d0da3be93576,30,Female
Bjorn Rioch,Teacher,2ae1dcc2-9e6f-462f-a718-a1238dc747c3,43,Male
Raquela Durdy,TA,7bf73c94-2145-43e1-a818-a35bd8d1ff5e,38,Female
Skippie Cosyns,TA,731e73fa-2166-496c-9c06-9962b78adb29,36,Male
Aarika Anshell,Teacher,8c9aa9f6-3b04-4774-92d1-f5db8084d6db,55,Female
Corie Ainge,Student,4461ace3-884c-4c02-a872-b98b68d775d3,27,Female
Allina Eades,TA,ea3c4ad5-5e4a-46ac-84a8-2fd2f3e31e92,23,Female
Olvan Phippen,Student,469bf494-f4c2-4751-a93a-4533eefb0e99,35,Male
Huberto Enocksson,Teacher,2f71a476-5fbc-4d04-b361-280964577a4e,62,Male
Tann Binks,TA,b9010581-0717-417b-97a9-1e824e90b56e,44,Male
Ham Le Gall,Student,3ccbbd30-dcd3-41fe-81db-4385271c7591,33,Male
Grissel Hedgeman,TA,0b88eba9-c4de-49ca-9c5e-8c680a0216df,29,Female
Dacie Demonge,TA,365924e2-636d-43f2-b702-16acdd43beb0,31,Female
Fredrika O'Henery,TA,31fb72dc-4fbe-478f-96a4-ae81263bca1f,33,Female
Shea Doncaster,Student,3c970853-09fd-49ea-87b4-56551e374046,26,Male
Alidia MacDearmid,TA,9575775f-38c6-44ba-85c7-a8c57e093c3a,42,Female
Whitby Kippling,TA,d27afb95-f639-4a3e-bb5e-815a0ef657c9,44,Male
Sheppard Jurca,Student,3bbf756b-abee-4448-ba1a-442c4876af07,26,Male
Catharina Nutten,TA,d0528537-ed09-4988-8a7b-17c3d0d8222a,25,Female
Rikki Clines,Teacher,46c3ddf2-d740-4cff-9e37-98037219a343,32,Male
Hamel Jordan,TA,4e580fd1-dc3e-42f5-8cfe-3812edba4340,26,Male
Yule Kilborn,TA,c0f0be5b-bba0-463c-89d4-7fad4b8a4a51,33,Male
Vlad MacKerley,TA,b86f12a8-556e-44d0-969b-0c1fdb91b71c,27,Male
Palmer Cotsford,Teacher,10b54035-5021-4801-baf7-5cf67296469c,47,Male
Yardley Greenalf,TA,1ecd042a-adba-4080-b46f-708db9c9cb23,34,Male
Caspar Pannett,TA,3213c314-2d87-4941-b0c7-5c9c94e75529,25,Male
Innis Impey,Teacher,ce062848-0fd9-4d32-a48f-6b468c7d5580,50,Male
Gus Courtman,Teacher,bbcb65f2-cc11-40f5-bfdc-9314d7b451dc,55,Male
Lombard Lympenie,TA,4fba7095-aea6-4e96-a4f5-d048b3667afe,33,Male
Aurea Cawkill,Student,64594286-11d8-430f-ba0b-570be94f98ec,24,Female
Granville Wanstall,Teacher,8b1e504c-574c-40ff-92df-9325dd577256,49,Male
Katusha Beningfield,Teacher,d1005aa9-3f55-4f6e-beda-34379c9ccdbb,65,Female
Blinni Guthrie,Teacher,50cc89e3-99e3-4476-9b4b-3d3294511a04,51,Female
Arte Grebert,Teacher,19b8d3a4-42be-4859-867e-ed58aa866638,43,Male
Theodor Probey,Teacher,b01b52a7-3e4c-481f-9fce-659086344604,45,Male
Allix Matussevich,Student,094e54eb-4d09-46c1-b5f3-9862043c1166,28,Female
Rubetta Courtenay,Student,3dc88bf6-ec9d-4c63-929a-32d6be6ec30f,23,Female
Petronilla Corney,TA,d0e3019f-1ab4-4f34-876d-3d4c82a99a10,39,Female
Hillier Pinshon,TA,e437b922-db14-4458-8a0a-398ba880384b,40,Male
Candace Grogan,Student,87cdfd2d-64cc-4998-b7f0-21942176864d,30,Female
Thibaut Berceros,TA,e24d75ce-35b6-4315-83f5-ad9d9e03bbb6,37,Male
Cherilyn Bett,TA,3b2ec5cf-fb6e-4cc8-89d5-d33a6b7361f2,28,Female
Timmie Woodhams,Student,a211d7a9-b16f-4440-9d28-5b0dd39a4c8c,35,Female
Cassey Sellar,Teacher,1e474e54-a36f-44ad-aedd-ac890597aa7d,33,Female
Fredrika Myrick,Teacher,7600ada9-2dbd-4534-a39b-c9c31c16ec9c,53,Female
Doralyn Joss,TA,2c7efa0f-b27d-428f-a9cd-e6a04f0b77ea,23,Female
Iolanthe Greenlees,Student,ff00fcfa-7e37-4910-99ce-43da79f84add,29,Female
Terese Dumbare,TA,1e352ab4-5d4e-4506-9f69-33dccee5c71d,35,Female
April Tessier,Teacher,b77801f0-b166-4ccf-a39a-dbc17a65e3a3,43,Female
Alma Adriano,TA,31b43af8-9fef-4e79-bad5-d3c4d23329d1,25,Female
Alasteir Ritch,TA,b0987fc8-1181-450f-be08-07fca0b01fb7,41,Male
Griswold Troman,TA,e912bb1b-bf3e-4bec-b4c6-a5388dc475af,34,Male
Vonnie Rigbye,Student,b2cd6bda-b634-4286-a06b-4c8ddae28aee,31,Female
Cameron Fawson,TA,b196d18a-995d-47c2-8de7-1f5de9daf958,36,Male
Lisbeth Merrisson,Student,a33848a7-b8ee-4811-b03c-3a49acc49bac,35,Female
Joy Aliberti,TA,b6fa7c70-5e0f-4e46-8938-6e2f6c19dad7,23,Female
Eloisa Oxberry,TA,aebf3ed9-5576-4673-a2aa-3edfe830576a,36,Female
Taite Glover,TA,071739ab-031f-460f-809b-bf1b176bae67,30,Male
Leonardo Ahrend,Student,0448e279-f86c-4f0a-af9a-10dfe0b62831,35,Male
Denna Caulfield,Teacher,7bc235ab-af1c-4887-9df1-4e7988688539,51,Female
Cal Sanbrook,TA,d74bbe25-5d90-46fc-842e-1d0d3fb79f24,33,Male
Dalia Chapman,TA,02d38068-37ba-4bab-bb62-d835ded1fa28,33,Female
Nevins McWard,TA,c949db6e-d84c-4da0-a6dd-a42f901a8735,24,Male
Jonah Presdie,Teacher,5dc4e143-0c57-48e7-bd90-c6cf2d4a25c5,53,Male
Alidia Colafate,Student,5a8ef432-ee63-424d-9bd3-e9ca2d9acd45,35,Female
Blayne Zealy,TA,4f345e67-a7a3-4d1b-9b86-fcb8e06ae847,29,Male
Demetra Lannin,Teacher,c336c897-c8d4-4da4-9f04-5ef050c701ae,41,Female
Dorian Mughal,Student,a815340c-c6a8-4374-b078-ec54551004b7,32,Female
Danni Gwyn,TA,12d86d52-3c0c-46d9-a7b1-9b2d6a8caa97,34,Female
Henrietta Whatford,Student,e9a34269-255e-407c-97b8-c0f5567aa069,22,Female
Park Aylwin,Student,bfd5cb94-0d45-4c8d-bc82-0dbe61363b71,34,Male
Phineas Rorke,Student,2c57e939-d3f1-43cb-917d-6a4064c6bb0a,34,Male
